/*!40101 SET @OLD_CHARACTER_SET_CLIENT=@@CHARACTER_SET_CLIENT */;
/*!40101 SET NAMES utf8 */;
/*!50503 SET NAMES utf8mb4 */;
/*!40014 SET @OLD_FOREIGN_KEY_CHECKS=@@FOREIGN_KEY_CHECKS, FOREIGN_KEY_CHECKS=0 */;
/*!40101 SET @OLD_SQL_MODE=@@SQL_MODE, SQL_MODE='NO_AUTO_VALUE_ON_ZERO' */;

CREATE DATABASE IF NOT EXISTS `gtarp_dev` /*!40100 DEFAULT CHARACTER SET latin1 */;
USE `gtarp_dev`;

CREATE TABLE IF NOT EXISTS `arrests_list` (
  `id` int(11) NOT NULL AUTO_INCREMENT,
  `json_data` longtext NOT NULL,
  PRIMARY KEY (`id`)
) ENGINE=InnoDB AUTO_INCREMENT=5 DEFAULT CHARSET=utf8;

/*!40000 ALTER TABLE `arrests_list` DISABLE KEYS */;
/*!40000 ALTER TABLE `arrests_list` ENABLE KEYS */;

CREATE TABLE IF NOT EXISTS `baninfo` (
  `identifier` varchar(25) COLLATE utf8mb4_bin NOT NULL,
  `license` varchar(50) COLLATE utf8mb4_bin DEFAULT NULL,
  `liveid` varchar(21) COLLATE utf8mb4_bin DEFAULT NULL,
  `xblid` varchar(21) COLLATE utf8mb4_bin DEFAULT NULL,
  `discord` varchar(30) COLLATE utf8mb4_bin DEFAULT NULL,
  `playerip` varchar(25) COLLATE utf8mb4_bin DEFAULT NULL,
  `tokens` longtext COLLATE utf8mb4_bin DEFAULT NULL,
  `playername` varchar(32) CHARACTER SET utf8mb4 DEFAULT NULL,
  PRIMARY KEY (`identifier`),
  KEY `license` (`license`)
) ENGINE=InnoDB DEFAULT CHARSET=utf8mb4 COLLATE=utf8mb4_bin;

/*!40000 ALTER TABLE `baninfo` DISABLE KEYS */;
INSERT INTO `baninfo` (`identifier`, `license`, `liveid`, `xblid`, `discord`, `playerip`, `tokens`, `playername`) VALUES
	('steam:1100001000426d4', 'license:7cc4d3eb92908b5144bd765d81e2963fa72ce057', 'live:1055521018888237', 'xbl:2533274898745165', 'discord:288446029886652417', 'ip:176.23.97.210', '["4:716bb79f131a978526fa84164ab96c070104ae87f2844473eda45412c9bd97bc","4:799c281dc44466be08ea6655336c327bf45bfa19b510c45690dc843fd9f87d42","1:31b02bfeb6b735c55d885a6c4e355dc1e020871013e608e9d922c6988f916e02","4:6509710a55fa1a992b101eea88c92c12cc13fe9f2235ae910124657fd0f75cd9","4:1d81a8fb829526ddbb079aa392cf1ad3501f3cafa14b7fb6d2d0310cfdaaba80","4:fed5c73b4bcba4fff3a29544cd6eba24410f8a7c6348d59ab7b374f4e277bffe","4:75b3c7068076eb9dffaa6733595e6e2db3847d12836bd0b3e8f3c155dc709fdf","2:e48dcb3f773e5bb3a5c6d8564fb4a242755da1eee22d5a12d14638f84f913f33","4:684734adcd167e23a83c798c530cf05585a57ac447f31719fd8f1bfb26e9733c","4:455a557c4dd7a362e5500fae33cff629601b375ca0874f8639f0c71f89955363","4:0ca3add510b2906bfc1bcc2aae7aacb1151783659bccf68c9dc9f003e4201467","4:1bbf69cf6bb1018564c85df9ec463219467c1939e84e212641f63dec0010f0f0","4:14d4569206e69a8f58a7089bc1e61348aa3151318d55b3160b54a1710975eb21","4:e29c249e1dc2abfd1073068cd1a566098c8dc6504a697e605131c88b0fb669e1","4:7b407981ff7f9c845a66c0142a9fe4a9e79babf683205eb2b0a5c413e20794f7","4:2d48dc2092fa2f13557cafa2f9d4211f4b34cafff8ae93668b4edde224dded48"]', 'DELETER'),
	('steam:110000102899b5d', 'license:a217effa91a613917b59129e8cfea0f894c6f55c', 'live:985156992079237', 'xbl:2535455131260066', 'discord:265247734338945024', 'ip:94.191.137.51', '["4:81282a2d779399e15f8f6338a0b7c665884d47c900ed34c462d45117f84a6ef4","4:3fd53fe541faf9896ffe8cf40aa7e43f00ec460ef8c2620d6f4ffb9341bf60d0","4:9a9141acd32658847969561f3b668e7034db9703b1c4e2ff3661d2e672524a21","2:d90e3cff5f3d883c2284d0ce68bec76d1e859145b0def2e342a63de89325eea5","4:b4051566f99b7bebc0a8ed325b95aa69b6a562e17cc91d13ad606a07812521fb","4:3a83a429d8e1aa7fa141581950f9d3a354d1e1235b442c92037a4db25a79b931","4:760f6ac2c2037aa9f12360fe1f71be8b19c66431a4b6eb2133e6b0f847623114","4:a5bb13602d7cdaa73ae2ab0e90c5b597a7d969be984d8ec1ffc94479cf1767ff","1:550360bcf17ac2161756529cd2cd6a1d36854d19304f8330da4f57eb8f1d6a73","4:a3949fab7e9e142e881ea7a842de13c829f098ba62a7a24b05ace46798d2e7cc","4:135cbcd288b257429cc8a2cf8f9384b9415a7f8cce856bbc8a84fca8f4a284bd","4:718fa1f1a7c76c9cafb0bb67e0ab7d9dcb86227da0e901c8f2cefef1bb54e3f9","4:efda70d3c45123108e02b04254363323a2db7afae408486e04b7553274664550","4:d4e2f0e7a7dac8f1c3bdae3a5cf7e9498f5fea9ac7a04c2d67579929fcf54e19","4:da23df977bdde5288eeb3ab42fb90aafd130ff729ba51f34dcda204fb29d823f","4:a172f138328bdde02dafb0f0c9480d18b2d196d7e4760d0de39bd591134dabb7","4:0ecfa7e6fc70cba4af25602db2ee7dde553161185e61fed9522a59a35386c980"]', 'PKK'),
	('steam:1100001036c1be6', 'no info', 'no info', 'no info', 'no info', 'ip:46.64.139.190', '[]', 'Majordeath'),
	('steam:110000104ed291c', 'license:888452e629a590b9d79245f0030b1f7b9a81d558', 'live:1899945828985788', 'xbl:2533274918056082', 'discord:143328086958538752', 'ip:192.168.0.10', '["1:21ad11260e8346ac580c28cdb94b6a48a90a08b33efc6b6e26b42b4fc986b72b","4:e01009664f608473c19379471b6e9edb2953d89921091d6bd53c2b04b23ec679","4:f3749d6c42e728f7fd536da5c5e80fb4bebc92a784dbe93a1c2cbc9493512baf","4:5f4a3bb3dbf654ee7a0d6052448b3d422458798287268b4cf7db13c5aeda974b","4:ca3f3189f7c5368337c9b560e5f86be06cd2b4c92a7bf6036354dcf196c93843","2:8f6ae77f9193aaf6d91dc11cf60d8b501a27fc512d73e365d3963b29b46d1c71","4:7c1728915aa7dd7eccbaa3fc85e382be57d2b4e580447df1b569d8f9208dee53","4:8cbcc373b921966509d55c950fd5badcb0b1c7be32dd6131744187a35ed7d640","4:517b1b6564cd21f6ceefa1b125d63bda83628fa807d7334d2ba1b06e2615ae7e","4:7ca03ddc7ce8b18cbb9e52dc7e84f557d249d1eca3b7a16a8e75c14032e99b35","4:7466e1fe1e0d9c9647a89fc1e4fa89c3f01680e127d8c0ff7d379dd24818ee4e","4:54239f98e788bdb40a7ebc25c769f63606a82e03a4f8648e441b779d191fdd68","4:f4d34966f718733dffc062e3e62649107d27a30968c800c43fa5c66def4b2258","4:c705bd38b2d2e388198a9d38ce677e29d082aec3aba99f6982521a3a8d205616","4:4f5dff1d35a75834010b57fff2303b7cf7c3dd5be7b3e616e2984e92d12a65d9","4:76a3a93980f43f2198e3f2ad15bd0009e3416b9a2cddaeb77ab2baf55d705dbd","4:512fb81eb233970f66a3ec8060c2093878e41db5561ea4daee69646a04e68c0b"]', 'Hawaii Beach'),
	('steam:1100001054f72bc', 'license:4d0d2fe2c80b23bdc0101cbbd9e7f1a5d2b8e637', 'no info', 'no info', 'discord:228153401328795648', 'ip:77.250.11.111', '["4:c6cfc13e2ab0fc66443d43b07fbf8b1224c06f95ac33eaf21ab4fdb674fc3f6b","4:4191369fadc84d00666b988e4e17b8965be0e8b51914f4bb11b2f4772ce79e36","4:f6d89222286ad103fcb771c85886063c0aecec05e8b93905fcfc68795a6b2b9e","3:a36f9874f938f48999480354b020b15a6ee4f8b20f3c363dcf0a0e5d9edb0ec7","4:8c2cbc6bb63632ef95866be1f9b4984be06b0e2edcdac6dcaa3241398dcdfb14","4:905aecf1a07a8660511c57b164a98271cd3cc36619484469ef27bf7cb45b7f0e","4:2726366c7422a7b2239e19a2bfe215b8ed2c12cf7c3a0cc5e9b592243bfc0f67","4:b478d429526f18c09a88de7d1170b4b1aef3245ac2a22acece110969bfe0ed5a","1:5644af29c23d4b905c50bd24d8d0634f1acfa7c9de7aaa8e23ca5ff92abf0ced","4:1a479cdb5b224fdc5bf123a19db08913cf1e649bb28598ace82665bea791c255","4:36777e3fbd41eedee8010f022d45f9505d5e087684a9809d56c6c56f968030a0","4:48de2130e7fbc1a24b026b29e7f5f47d117f408efe20f78da4411507aadfe1ed","4:cc5d932c6a24208ed7017b93a2a31da070b8449ce19e51259d0da36ee19283e1","4:1a2495c60cefe0980a50ce5470c769eb6ddc2054451c96870325e270e823e15e","4:56854c459f0f6ee544767350fee0ff5a11bb76bc5e9e07fafd1a45ad4e9f5e44","4:4f44063063fc878de3fee9347d9c250a175366cc1e2ed6d8f29ae8d75298ef82"]', 'Recon Nine'),
	('steam:11000010665ec90', 'license:37cab80129c96889af22f2b499f9f713c9926ad9', 'live:914798511641041', 'xbl:2535451732308311', 'discord:326421965818560514', 'ip:92.238.120.170', '["4:2b7a2ffae594d6c7ae33a81c3e6e2a67b3aa5cf59a7ebe39d3c9d1a0417f3fbf","4:af18e91d4a2cc067b519ae3716b8fe8b7a2ab1362daa3a7fd33fd1e1f6d6491d","4:3eab400f52929bf9d99d89804d64a57661cb4ba1ee6655b447d62f035799bedd","4:ad042ed22ad5dc2b8a1a4071d4f6d1e13f5498774f418f5e9b2c1ee07b247177","4:47acf6ebda761fa1e871d86b72170ef02e5380582a4d3f9293fbf0054796a948","4:5144a493883309a3cf7f23bd87a870357eb9a5fcabd433b6907a3f3ec27bc56d","4:49694dd2f9c9428790dcb46f6a972933bec0860d8851c35398f00835df0e2bf9","4:f26b5d8469e02297a3db99cc2fa55cb2323003802577c58f387837f75618180a","4:530b92f37e0fc243973910faafd9021646178468b9be5af734352db29c7323d7","4:1e47ce40a844bbf57964fdc862d1fc9dc325fdc13b0abe84871ea5522f9b9de7","1:bc1285327465552da5ca8de7b1cdbc83e604308f2939e49c24621bbe80074409","4:bed6df28c61092180fdbd27a3253cd69f3a15d0416a56ce1def3e3ee2925efa2","4:d8e34e27bc5dd1d45fe64b9e75713d5e1a823dc8c84a7b5a0054fd4fd7a80d75","2:4f9abf1c8a8fd186cbccf81d1b3ad524d9af55ab2b239110636524719898b1ea","4:2836f8c836e78997a6be9e23d3685a2a05566fe878712a8c2ce962cc27c17d3a"]', 'Archie'),
	('steam:1100001080181c7', 'license:0994d7a786d35863fac6808adbae00dc06b36873', 'live:1055521289115153', 'xbl:2535456619585934', 'discord:195475894645686272', 'ip:158.174.187.238', '["4:666290bd8f96561bd3e38bfe7ff21dfa896d06d451bfa0cec759b30b4b1a5da8","4:78bc1073444f54cddd644c07f603fa36cae20b98264f30d4ce1dd8112823fe8f","4:3eab2cfa90b1407dbaaa7fc8402242afcd0103440da8202fc740dec43caa492e","4:a941072475aa1286134f3a9f6e024b35882a40c43cac3f0d5fc8d76e4739c308","4:ba632456f8299240818bb9ab0184a0a0823be0d649c6158a7724de3a4bc3b987","4:ca027a761af2bdb858350c2d53f79d84ef729f1195606e59bb71603b7a4338c3","4:776339f84a182005a966aa329a532d94e56d2a9e086ee51a9124870f08a5d05d","4:efc9021e178b0c6ffab033fd18795919793820ceb838c55edb31dbae9d48441d","4:cee8caef660dac639f993ef3aef48b959fcd342e4db2112ee0b9fddf95186998","4:984776b6a570853ef4f4411f2f3299be19447d187c848d72b93bc10b64a1796b","2:27345b3c6b801a755eaaebd906b1e203e6820fa0b25ed3aa472052a37f49efa5","4:177d9685d47a41be95e7f87f39317f81836592c27a76912132fe408b6849c458","1:e95b931e34bc394b4bd25cb50983986ba3c3010e7b096b2d4d552acc6b2837d9","4:05648064d5c7fa3dffe964e83373e6f686d5f607dedfe261ca6483200573fac8","4:41cde69d83c3b6b4d1bc6da98ef1be81cdaf7a7c8d9f345c1f2422d3b79aea89","4:e54fd72c855587887912f7c141e8f774d0754ec63f31e96739b5b520a55e5d71"]', 'Alfred'),
	('steam:11000010c11bbc4', 'license:d8b10dc989f65176e50839ae704377dee230d900', 'live:1055521486733135', 'xbl:2535428665239550', 'discord:239525173017968651', 'ip:82.19.144.235', '["4:d08199787e2cb052a7c16fe9393f7478cadded3ba5acef0c2a8a30e379fd43c3","4:6d16828e47dccbcded8e6e6cd44fb36b4e496f5750f68ed68cfeca5d9a3323ff","4:368fca8eba8153dd02427fa4b6ad5fce1800812184ea7d9b24b1981d3b6f563d","4:cb684d5ac9fefb0fa498671d0086862c28444a2ee76d1e06399fac2d42366b9c","4:d58815d5e20b271e9392c30b925b2f2328db432570712952333378b111e60404","4:8104b6d4f8cc15c2475ad82478f2a5f29df9b28c6071c09e83dc3ef51dfffe67","1:f0db7e187ecd43a988d4134a81aabfc88247dbed82a4321840f34bbdd717bbcc","4:219a0d0de1f2d5d21ac2a6a1aed8152b407a4cd2a413ef5c18010f529a598334","4:9fdfc8293dcdfaea1c8c2f6db5e239c5818438ad3d68be2ec3275454e3cac24d","4:78228ec34a6d2be96c70e445a4765c697fc0738c4cf2e770f385bd147bdd93ba","2:9a012673bc492e51270e051cb4d88b309ae6f118cf0653de8a1134d48e3bc177","4:491dfbdaa75462f40fa42ac2357cc434181194be5966c56098d8f5112d84fa88","4:a2f2f19d62598249e50a04e38a3f464a3731ccad9a6cbd51fe5bead630f65f57","4:5dd062d600dac819ebfbe49ffef2629e199fddfa11f8f57bf256b797e44c9c2f","4:259b71d7720c25cab9ce1194b8020c94d319b06e6a754c0ffc5d812eb9e407fd","4:8ad6846035907d52b87a832766c9103e396418de29724536ba6dbb609f0d3f31"]', 'Fluqi'),
	('steam:1100001152a3335', 'license:ece7c4aa993952e4684f9c535608dc0a0384f2dc', 'live:1829581964387663', 'xbl:2533274972876963', 'discord:262720497702141954', 'ip:46.7.230.26', '["4:43231f1a1f371bc4d9feab7ac8e9b895a0ba763caca06672c1c68017c6d1c72b","4:1860fd42b27d0f7ea7c857a18d2096f66b7d92307a32deaa56cb11f9a94eee73","4:c7b2296234a3f43015447e05be23e29333c4623a170e5a8e7510791ad4be8ba0","4:a4183b28b6af641be0a4968624e83fe9fdb2002ac35a6afd50dffce7c6369e96","4:c22416b85b4a9e5b5868ca1931cfe8dfd3afcfe2fd9e9b814d9e3f0e5f30ba57","4:7e05670f7e94303fb08fd37b5873a7095c09513e190af107141fef2ba6d77569","4:b206eb0bf59cfb7cd21532c9b917c1f1bacecfffa501fa035da1bd6610b4dc72","4:d6c21f83a47f1fcb6f4186001ceda0d0273fd2154ae3623752c133d6e6212882","4:3bea0f18cb266261619bffa8e2a398125ec48126b0b9c579158602dc5c72c7af","1:1aeed7cc562ded61b5cd13d1eca36580c3bd232049105ff35f61a4551858860b","3:e4f0bba0dea19bc9beb0edee71d093709dc7b1af85ece4fa6c7340ce521a3a7a","4:8c686dfea7eaaf06695c479ed386fd5951d1653a44b51c279758d5fcd28fe1bd","4:d50206539e3a8d289bf770c790454e3bb8150f18237f4887a2081cb76f9e91ed","4:e2b94763b3aefbe4a552b4f883578a9a35f270ec7a2dde9ee52d5e09fd46b1a1","4:84cac78094b7609df9845ad1a2bdc26bf7c663ba38e5dcf3a20790c34b71bd1a","4:8597d3d6ef16425fad8cceac313475e0ddce31f40779a8b45cef54f2ce6ce1e1","4:8311cac16e9eae55c4c971d29ba81c3e6d89a2636fa5bbde8b13f8b394ad83ec"]', 'Drwhocake');
/*!40000 ALTER TABLE `baninfo` ENABLE KEYS */;

CREATE TABLE IF NOT EXISTS `banlist` (
  `id` int(11) unsigned NOT NULL AUTO_INCREMENT,
  `active` tinyint(1) NOT NULL DEFAULT 1,
  `identifier` varchar(25) COLLATE utf8mb4_bin NOT NULL,
  `license` varchar(50) COLLATE utf8mb4_bin DEFAULT NULL,
  `liveid` varchar(21) COLLATE utf8mb4_bin DEFAULT NULL,
  `xblid` varchar(21) COLLATE utf8mb4_bin DEFAULT NULL,
  `discord` varchar(30) COLLATE utf8mb4_bin DEFAULT NULL,
  `playerip` varchar(25) COLLATE utf8mb4_bin DEFAULT NULL,
  `tokens` longtext COLLATE utf8mb4_bin DEFAULT NULL,
  `targetplayername` varchar(32) CHARACTER SET utf8mb4 NOT NULL,
  `sourceplayername` varchar(32) CHARACTER SET utf8mb4 NOT NULL,
  `reason` varchar(255) COLLATE utf8mb4_bin NOT NULL,
  `timeat` varchar(50) COLLATE utf8mb4_bin NOT NULL,
  `added` datetime DEFAULT current_timestamp(),
  `expiration` varchar(50) COLLATE utf8mb4_bin NOT NULL,
  `permanent` int(1) NOT NULL DEFAULT 0,
  `ban_note` longtext COLLATE utf8mb4_bin DEFAULT 'No reason specified',
  PRIMARY KEY (`id`),
  KEY `identifier` (`identifier`)
) ENGINE=InnoDB AUTO_INCREMENT=8 DEFAULT CHARSET=utf8mb4 COLLATE=utf8mb4_bin;

/*!40000 ALTER TABLE `banlist` DISABLE KEYS */;
INSERT INTO `banlist` (`id`, `active`, `identifier`, `license`, `liveid`, `xblid`, `discord`, `playerip`, `tokens`, `targetplayername`, `sourceplayername`, `reason`, `timeat`, `added`, `expiration`, `permanent`, `ban_note`) VALUES
	(7, 1, 'steam:110000104ed291cc', 'licensee:888452e629a590b9d79245f0030b1f7b9a81d558', 'liv:1899945828985788', 'xb:2533274918056082', 'no info', '', '{}', 'Hawaii Beach', 'console - (Game)', 'test', '1610113459', '2021-01-08 14:44:19', '1610113459', 1, 'No reason specified');
/*!40000 ALTER TABLE `banlist` ENABLE KEYS */;

CREATE TABLE IF NOT EXISTS `banlisthistory` (
  `id` int(11) NOT NULL AUTO_INCREMENT,
  `identifier` varchar(25) COLLATE utf8mb4_bin NOT NULL,
  `license` varchar(50) COLLATE utf8mb4_bin DEFAULT NULL,
  `liveid` varchar(21) COLLATE utf8mb4_bin DEFAULT NULL,
  `xblid` varchar(21) COLLATE utf8mb4_bin DEFAULT NULL,
  `discord` varchar(30) COLLATE utf8mb4_bin DEFAULT NULL,
  `playerip` varchar(25) COLLATE utf8mb4_bin DEFAULT NULL,
  `tokens` longtext COLLATE utf8mb4_bin DEFAULT NULL,
  `targetplayername` varchar(32) CHARACTER SET utf8mb4 NOT NULL,
  `sourceplayername` varchar(32) CHARACTER SET utf8mb4 NOT NULL,
  `reason` varchar(255) COLLATE utf8mb4_bin NOT NULL,
  `timeat` int(11) NOT NULL,
  `added` datetime DEFAULT current_timestamp(),
  `expiration` int(11) NOT NULL,
  `permanent` int(1) NOT NULL DEFAULT 0,
  `ban_note` longtext COLLATE utf8mb4_bin DEFAULT 'No reason specified',
  PRIMARY KEY (`id`)
) ENGINE=InnoDB AUTO_INCREMENT=18 DEFAULT CHARSET=utf8mb4 COLLATE=utf8mb4_bin;

/*!40000 ALTER TABLE `banlisthistory` DISABLE KEYS */;
INSERT INTO `banlisthistory` (`id`, `identifier`, `license`, `liveid`, `xblid`, `discord`, `playerip`, `tokens`, `targetplayername`, `sourceplayername`, `reason`, `timeat`, `added`, `expiration`, `permanent`, `ban_note`) VALUES
	(14, 'steam:110000104ed291c', 'license:888452e629a590b9d79245f0030b1f7b9a81d558', 'live:1899945828985788', 'xbl:2533274918056082', 'no info', 'ip:127.0.0.1', '["4:76a3a93980f43f2198e3f2ad15bd0009e3416b9a2cddaeb77ab2baf55d705dbd","4:54239f98e788bdb40a7ebc25c769f63606a82e03a4f8648e441b779d191fdd68","4:f3749d6c42e728f7fd536da5c5e80fb4bebc92a784dbe93a1c2cbc9493512baf","2:8f6ae77f9193aaf6d91dc11cf60d8b501a27fc512d73e365d3963b29b46d1c71","4:7466e1fe1e0d9c9647a89fc1e4fa89c3f01680e127d8c0ff7d379dd24818ee4e","4:f4d34966f718733dffc062e3e62649107d27a30968c800c43fa5c66def4b2258","4:ca3f3189f7c5368337c9b560e5f86be06cd2b4c92a7bf6036354dcf196c93843","4:c705bd38b2d2e388198a9d38ce677e29d082aec3aba99f6982521a3a8d205616","4:e01009664f608473c19379471b6e9edb2953d89921091d6bd53c2b04b23ec679","4:7ca03ddc7ce8b18cbb9e52dc7e84f557d249d1eca3b7a16a8e75c14032e99b35","4:2666e925083f6e067df5de99488f02cc5306678f46fcf751b7e03225ddd4ba00","4:512fb81eb233970f66a3ec8060c2093878e41db5561ea4daee69646a04e68c0b","4:7c1728915aa7dd7eccbaa3fc85e382be57d2b4e580447df1b569d8f9208dee53","4:8cbcc373b921966509d55c950fd5badcb0b1c7be32dd6131744187a35ed7d640","4:470a38a67c9edf7a485f5d758503cb19088cc7f076fc117821f9477bd8b3c549","1:21ad11260e8346ac580c28cdb94b6a48a90a08b33efc6b6e26b42b4fc986b72b"]', 'Hawaii Beach', 'Hawaii Beach - (Game)', 'aa', 1610112439, '2021-01-08 14:27:19', 1610112439, 1, 'No reason specified'),
	(15, 'steam:110000104ed291c', 'license:888452e629a590b9d79245f0030b1f7b9a81d558', 'live:1899945828985788', 'xbl:2533274918056082', 'no info', 'ip:127.0.0.1', '["4:76a3a93980f43f2198e3f2ad15bd0009e3416b9a2cddaeb77ab2baf55d705dbd","4:54239f98e788bdb40a7ebc25c769f63606a82e03a4f8648e441b779d191fdd68","4:f3749d6c42e728f7fd536da5c5e80fb4bebc92a784dbe93a1c2cbc9493512baf","2:8f6ae77f9193aaf6d91dc11cf60d8b501a27fc512d73e365d3963b29b46d1c71","4:7466e1fe1e0d9c9647a89fc1e4fa89c3f01680e127d8c0ff7d379dd24818ee4e","4:f4d34966f718733dffc062e3e62649107d27a30968c800c43fa5c66def4b2258","4:ca3f3189f7c5368337c9b560e5f86be06cd2b4c92a7bf6036354dcf196c93843","4:c705bd38b2d2e388198a9d38ce677e29d082aec3aba99f6982521a3a8d205616","4:e01009664f608473c19379471b6e9edb2953d89921091d6bd53c2b04b23ec679","4:7ca03ddc7ce8b18cbb9e52dc7e84f557d249d1eca3b7a16a8e75c14032e99b35","4:2666e925083f6e067df5de99488f02cc5306678f46fcf751b7e03225ddd4ba00","4:512fb81eb233970f66a3ec8060c2093878e41db5561ea4daee69646a04e68c0b","4:7c1728915aa7dd7eccbaa3fc85e382be57d2b4e580447df1b569d8f9208dee53","4:8cbcc373b921966509d55c950fd5badcb0b1c7be32dd6131744187a35ed7d640","4:470a38a67c9edf7a485f5d758503cb19088cc7f076fc117821f9477bd8b3c549","1:21ad11260e8346ac580c28cdb94b6a48a90a08b33efc6b6e26b42b4fc986b72b"]', 'Hawaii Beach', 'Hawaii Beach - (Game)', '50', 1610112783, '2021-01-08 14:33:03', 1610199183, 0, 'No reason specified'),
	(16, 'steam:110000104ed291c', 'license:888452e629a590b9d79245f0030b1f7b9a81d558', 'live:1899945828985788', 'xbl:2533274918056082', 'no info', 'ip:127.0.0.1', '["4:76a3a93980f43f2198e3f2ad15bd0009e3416b9a2cddaeb77ab2baf55d705dbd","4:54239f98e788bdb40a7ebc25c769f63606a82e03a4f8648e441b779d191fdd68","4:f3749d6c42e728f7fd536da5c5e80fb4bebc92a784dbe93a1c2cbc9493512baf","2:8f6ae77f9193aaf6d91dc11cf60d8b501a27fc512d73e365d3963b29b46d1c71","4:7466e1fe1e0d9c9647a89fc1e4fa89c3f01680e127d8c0ff7d379dd24818ee4e","4:f4d34966f718733dffc062e3e62649107d27a30968c800c43fa5c66def4b2258","4:ca3f3189f7c5368337c9b560e5f86be06cd2b4c92a7bf6036354dcf196c93843","4:c705bd38b2d2e388198a9d38ce677e29d082aec3aba99f6982521a3a8d205616","4:e01009664f608473c19379471b6e9edb2953d89921091d6bd53c2b04b23ec679","4:7ca03ddc7ce8b18cbb9e52dc7e84f557d249d1eca3b7a16a8e75c14032e99b35","4:2666e925083f6e067df5de99488f02cc5306678f46fcf751b7e03225ddd4ba00","4:512fb81eb233970f66a3ec8060c2093878e41db5561ea4daee69646a04e68c0b","4:7c1728915aa7dd7eccbaa3fc85e382be57d2b4e580447df1b569d8f9208dee53","4:8cbcc373b921966509d55c950fd5badcb0b1c7be32dd6131744187a35ed7d640","4:470a38a67c9edf7a485f5d758503cb19088cc7f076fc117821f9477bd8b3c549","1:21ad11260e8346ac580c28cdb94b6a48a90a08b33efc6b6e26b42b4fc986b72b"]', 'Hawaii Beach', 'console - (Game)', 'test', 1610113013, '2021-01-08 14:36:53', 1610113013, 1, 'No reason specified'),
	(17, 'steam:110000104ed291c', 'license:888452e629a590b9d79245f0030b1f7b9a81d558', 'live:1899945828985788', 'xbl:2533274918056082', 'no info', 'ip:127.0.0.1', '["4:76a3a93980f43f2198e3f2ad15bd0009e3416b9a2cddaeb77ab2baf55d705dbd","4:54239f98e788bdb40a7ebc25c769f63606a82e03a4f8648e441b779d191fdd68","4:f3749d6c42e728f7fd536da5c5e80fb4bebc92a784dbe93a1c2cbc9493512baf","2:8f6ae77f9193aaf6d91dc11cf60d8b501a27fc512d73e365d3963b29b46d1c71","4:7466e1fe1e0d9c9647a89fc1e4fa89c3f01680e127d8c0ff7d379dd24818ee4e","4:f4d34966f718733dffc062e3e62649107d27a30968c800c43fa5c66def4b2258","4:ca3f3189f7c5368337c9b560e5f86be06cd2b4c92a7bf6036354dcf196c93843","4:c705bd38b2d2e388198a9d38ce677e29d082aec3aba99f6982521a3a8d205616","4:e01009664f608473c19379471b6e9edb2953d89921091d6bd53c2b04b23ec679","4:7ca03ddc7ce8b18cbb9e52dc7e84f557d249d1eca3b7a16a8e75c14032e99b35","4:2666e925083f6e067df5de99488f02cc5306678f46fcf751b7e03225ddd4ba00","4:512fb81eb233970f66a3ec8060c2093878e41db5561ea4daee69646a04e68c0b","4:7c1728915aa7dd7eccbaa3fc85e382be57d2b4e580447df1b569d8f9208dee53","4:8cbcc373b921966509d55c950fd5badcb0b1c7be32dd6131744187a35ed7d640","4:470a38a67c9edf7a485f5d758503cb19088cc7f076fc117821f9477bd8b3c549","1:21ad11260e8346ac580c28cdb94b6a48a90a08b33efc6b6e26b42b4fc986b72b"]', 'Hawaii Beach', 'console - (Game)', 'test', 1610113459, '2021-01-08 14:44:19', 1610113459, 1, 'No reason specified');
/*!40000 ALTER TABLE `banlisthistory` ENABLE KEYS */;

CREATE TABLE IF NOT EXISTS `billing` (
  `id` int(11) NOT NULL AUTO_INCREMENT,
  `identifier` varchar(255) NOT NULL,
  `sender` varchar(255) NOT NULL,
  `target_type` varchar(50) NOT NULL,
  `target` varchar(255) NOT NULL,
  `label` varchar(255) NOT NULL,
  `amount` int(11) NOT NULL,
  PRIMARY KEY (`id`)
) ENGINE=InnoDB AUTO_INCREMENT=31 DEFAULT CHARSET=latin1;

/*!40000 ALTER TABLE `billing` DISABLE KEYS */;
INSERT INTO `billing` (`id`, `identifier`, `sender`, `target_type`, `target`, `label`, `amount`) VALUES
	(29, 'steam:110000104ed291c', 'steam:1100001054f72bc', 'player', 'steam:1100001054f72bc', 'Fine: No Firearms License', 600),
	(30, 'steam:110000104ed291c', 'steam:1100001054f72bc', 'player', 'steam:1100001054f72bc', 'Fine: Assault on a Civilian', 2000);
/*!40000 ALTER TABLE `billing` ENABLE KEYS */;

CREATE TABLE IF NOT EXISTS `bought_houses` (
  `houseid` int(50) NOT NULL,
  PRIMARY KEY (`houseid`)
) ENGINE=InnoDB DEFAULT CHARSET=utf8;

/*!40000 ALTER TABLE `bought_houses` DISABLE KEYS */;
/*!40000 ALTER TABLE `bought_houses` ENABLE KEYS */;

CREATE TABLE IF NOT EXISTS `datastore` (
  `name` varchar(60) NOT NULL,
  `label` varchar(100) NOT NULL,
  `shared` int(11) NOT NULL,
  PRIMARY KEY (`name`)
) ENGINE=InnoDB DEFAULT CHARSET=latin1;

/*!40000 ALTER TABLE `datastore` DISABLE KEYS */;
INSERT INTO `datastore` (`name`, `label`, `shared`) VALUES
	('club_lmc', 'LMC', 1),
	('club_lmc_priv', 'LMC Priv', 1),
	('club_lmc_pub', 'LMC Pub', 1),
	('club_nbc', 'Bakery Company', 1),
	('club_nbc_priv', 'Bakery Company Priv', 1),
	('club_nbc_pub', 'Bakery Company Pub', 1),
	('housing', 'Housing', 0),
	('property', 'Propriété', 0),
	('society_ambulance', 'Ambulance', 1),
	('society_fire', 'fire', 1),
	('society_gang', 'Gang', 1),
	('society_police', 'Police', 1),
	('society_taxi', 'Taxi', 1);
/*!40000 ALTER TABLE `datastore` ENABLE KEYS */;

CREATE TABLE IF NOT EXISTS `datastore_data` (
  `id` int(11) NOT NULL AUTO_INCREMENT,
  `name` varchar(60) NOT NULL,
  `owner` varchar(60) DEFAULT NULL,
  `data` longtext DEFAULT NULL,
  PRIMARY KEY (`id`),
  UNIQUE KEY `index_datastore_data_name_owner` (`name`,`owner`),
  KEY `index_datastore_data_name` (`name`)
) ENGINE=InnoDB AUTO_INCREMENT=236 DEFAULT CHARSET=latin1;

/*!40000 ALTER TABLE `datastore_data` DISABLE KEYS */;
INSERT INTO `datastore_data` (`id`, `name`, `owner`, `data`) VALUES
	(1, 'society_police', NULL, '{"weapons":[{"name":"WEAPON_PUMPSHOTGUN","count":0},{"name":"WEAPON_ADVANCEDRIFLE","count":0},{"name":"WEAPON_SMG","count":0},{"name":"WEAPON_NIGHTSTICK","count":0},{"name":"WEAPON_SPECIALCARBINE","count":0},{"name":"WEAPON_SNSPISTOL_MK2","count":0},{"name":"WEAPON_CARBINERIFLE_MK2","count":0},{"name":"WEAPON_STUNGUN","count":0},{"name":"WEAPON_FLASHLIGHT","count":0},{"name":"WEAPON_PISTOL","count":1},{"name":"WEAPON_COMBATPISTOL","count":1}]}'),
	(2, 'society_ambulance', NULL, '{}'),
	(3, 'society_fire', NULL, '{}'),
	(11, 'club_lmc', NULL, '{}'),
	(12, 'club_lmc_priv', NULL, '{}'),
	(13, 'club_lmc_pub', NULL, '{}'),
	(14, 'society_gang', NULL, '{"weapons":[{"count":0,"name":"WEAPON_STUNGUN"},{"count":5,"name":"WEAPON_PUMPSHOTGUN"},{"count":0,"name":"GADGET_PARACHUTE"},{"count":0,"name":"WEAPON_BAT"},{"count":0,"name":"WEAPON_APPISTOL"},{"count":0,"name":"WEAPON_CARBINERIFLE"},{"count":0,"name":"WEAPON_PISTOL"},{"count":1,"name":"WEAPON_ADVANCEDRIFLE"}]}'),
	(157, 'club_nbc', NULL, '{}'),
	(158, 'club_nbc_priv', NULL, '{}'),
	(159, 'club_nbc_pub', NULL, '{}'),
	(161, 'society_taxi', NULL, '{}'),
	(167, 'property', 'steam:11000010b743c8e', '{}'),
	(168, 'property', 'steam:110000100b9d46d', '{}'),
	(169, 'property', 'steam:110000117612f3f', '{}'),
	(170, 'property', 'steam:110000104ab3ece', '{}'),
	(171, 'property', 'steam:1100001014a1063', '{}'),
	(172, 'property', 'steam:1100001000426d4', '{}'),
	(173, 'property', 'steam:1100001194da762', '{}'),
	(174, 'property', 'steam:110000112d4ccf5', '{}'),
	(175, 'property', 'steam:1100001349d1816', '{}'),
	(176, 'property', 'steam:110000114105e7a', '{}'),
	(177, 'housing', 'steam:11000010b743c8e', '{"weapons":[{"ammo":60,"name":"WEAPON_STUNGUN"},{"ammo":60,"name":"WEAPON_PISTOL"},{"ammo":44,"name":"WEAPON_SMG"}]}'),
	(178, 'housing', 'steam:110000100b9d46d', '{}'),
	(179, 'housing', 'steam:110000105e1cb5c', '{}'),
	(180, 'property', 'steam:110000105e1cb5c', '{}'),
	(181, 'housing', 'steam:110000104ab3ece', '{}'),
	(182, 'housing', 'steam:11000010626fec7', '{}'),
	(183, 'property', 'steam:11000010626fec7', '{}'),
	(184, 'housing', 'steam:110000112d4ccf5', '{}'),
	(185, 'housing', 'steam:1100001070148c0', '{}'),
	(186, 'property', 'steam:1100001070148c0', '{}'),
	(187, 'housing', 'steam:1100001152a3335', '{}'),
	(188, 'property', 'steam:1100001152a3335', '{}'),
	(189, 'property', 'steam:11000010be1df28', '{}'),
	(190, 'housing', 'steam:11000010be1df28', '{}'),
	(191, 'housing', 'steam:1100001000426d4', '{}'),
	(192, 'housing', 'steam:11000010c11bbc4', '{}'),
	(193, 'property', 'steam:11000010c11bbc4', '{}'),
	(194, 'housing', 'steam:11000010174b609', '{}'),
	(195, 'property', 'steam:11000010174b609', '{}'),
	(196, 'housing', 'steam:1100001097ecf87', '{}'),
	(197, 'property', 'steam:1100001097ecf87', '{}'),
	(198, 'housing', 'steam:1100001007083aa', '{}'),
	(199, 'property', 'steam:1100001007083aa', '{}'),
	(200, 'housing', 'steam:11000010f333908', '{}'),
	(201, 'property', 'steam:11000010f333908', '{}'),
	(202, 'property', 'steam:1100001079d9c00', '{}'),
	(203, 'housing', 'steam:1100001079d9c00', '{}'),
	(204, 'housing', 'steam:110000115cfca70', '{}'),
	(205, 'property', 'steam:110000115cfca70', '{}'),
	(206, 'housing', 'steam:110000115b7909c', '{}'),
	(207, 'property', 'steam:110000115b7909c', '{}'),
	(208, 'housing', 'steam:110000108449a61', '{}'),
	(209, 'property', 'steam:110000108449a61', '{}'),
	(210, 'housing', 'steam:1100001366ad8d7', '{}'),
	(211, 'property', 'steam:1100001366ad8d7', '{}'),
	(212, 'housing', 'steam:110000140276896', '{}'),
	(213, 'property', 'steam:110000140276896', '{}'),
	(214, 'property', 'steam:1100001344638c1', '{}'),
	(215, 'housing', 'steam:1100001344638c1', '{}'),
	(216, 'housing', 'steam:11000010665ec90', '{}'),
	(217, 'property', 'steam:11000010665ec90', '{}'),
	(218, 'property', 'steam:1100001054f72bc', '{}'),
	(219, 'housing', 'steam:1100001054f72bc', '{}'),
	(220, 'housing', 'steam:11000010d135e71', '{}'),
	(221, 'property', 'steam:11000010d135e71', '{}'),
	(222, 'property', 'steam:110000101db32bf', '{}'),
	(223, 'housing', 'steam:110000101db32bf', '{}'),
	(224, 'housing', 'steam:110000105f0c4e3', '{}'),
	(225, 'property', 'steam:110000105f0c4e3', '{}'),
	(226, 'property', 'steam:1100001075ca00d', '{}'),
	(227, 'housing', 'steam:1100001075ca00d', '{}'),
	(228, 'housing', 'steam:11000011293d0ca', '{}'),
	(229, 'property', 'steam:11000011293d0ca', '{}'),
	(230, 'housing', 'steam:110000133879eee', '{}'),
	(231, 'property', 'steam:110000133879eee', '{}'),
	(232, 'property', 'steam:110000113f525f7', '{}'),
	(233, 'housing', 'steam:110000113f525f7', '{}'),
	(234, 'housing', 'steam:110000104ed291c', '{}'),
	(235, 'property', 'steam:110000104ed291c', '{}');
/*!40000 ALTER TABLE `datastore_data` ENABLE KEYS */;

CREATE TABLE IF NOT EXISTS `evidencelocker` (
  `name` varchar(50) DEFAULT NULL,
  `data` longtext DEFAULT NULL
) ENGINE=InnoDB DEFAULT CHARSET=latin1;

/*!40000 ALTER TABLE `evidencelocker` DISABLE KEYS */;
INSERT INTO `evidencelocker` (`name`, `data`) VALUES
	('police', '{"items":{"pickaxe":4},"ammo":[{"name":"smg","count":1}]}'),
	('nca', '[]'),
	('lost', '[]'),
	('ambulance', '[]'),
	('gruppe6', '[]'),
	('prisonFood', '{"ammo":[{"name":"smg","count":249}]}'),
	('storeagePrisonBox', '[]'),
	('storeagePrisonBox2', '[]');
/*!40000 ALTER TABLE `evidencelocker` ENABLE KEYS */;

CREATE TABLE IF NOT EXISTS `faction_funds` (
  `faction` varchar(50) NOT NULL,
  `fund` int(11) NOT NULL DEFAULT 0,
  `access` longtext NOT NULL DEFAULT '{}',
  `amount_spent` int(11) DEFAULT 0
) ENGINE=InnoDB DEFAULT CHARSET=latin1;

/*!40000 ALTER TABLE `faction_funds` DISABLE KEYS */;
INSERT INTO `faction_funds` (`faction`, `fund`, `access`, `amount_spent`) VALUES
	('lost', 0, '{}', 0),
	('police', 1122, '{}', 9600),
	('city', 0, '{}', 0),
	('nca', 0, '{}', 0),
	('gruppe6', 0, '{}', 0),
	('court', 0, '{}', 0);
/*!40000 ALTER TABLE `faction_funds` ENABLE KEYS */;

CREATE TABLE IF NOT EXISTS `fine_types` (
  `id` int(11) NOT NULL AUTO_INCREMENT,
  `label` varchar(255) DEFAULT NULL,
  `amount` int(11) DEFAULT NULL,
  `category` int(11) DEFAULT NULL,
  PRIMARY KEY (`id`)
) ENGINE=InnoDB AUTO_INCREMENT=53 DEFAULT CHARSET=latin1;

/*!40000 ALTER TABLE `fine_types` DISABLE KEYS */;
INSERT INTO `fine_types` (`id`, `label`, `amount`, `category`) VALUES
	(1, 'Misuse of a horn', 30, 0),
	(2, 'Illegally Crossing a continuous Line', 40, 0),
	(3, 'Driving on the wrong side of the road', 250, 0),
	(4, 'Illegal U-Turn', 250, 0),
	(5, 'Illegally Driving Off-road', 170, 0),
	(6, 'Refusing a Lawful Command', 30, 0),
	(7, 'Illegally Stopping a Vehicle', 150, 0),
	(8, 'Illegal Parking', 70, 0),
	(9, 'Failing to Yield to the right', 70, 0),
	(10, 'Failure to comply with Vehicle Information', 90, 0),
	(11, 'Failing to stop at a Stop Sign ', 105, 0),
	(12, 'Failing to stop at a Red Light', 130, 0),
	(13, 'Illegal Passing', 100, 0),
	(14, 'Driving an illegal Vehicle', 100, 0),
	(15, 'Driving without a License', 1500, 0),
	(16, 'Hit and Run', 800, 0),
	(17, 'Exceeding Speeds Over < 5 mph', 90, 0),
	(18, 'Exceeding Speeds Over 5-15 mph', 120, 0),
	(19, 'Exceeding Speeds Over 15-30 mph', 180, 0),
	(20, 'Exceeding Speeds Over > 30 mph', 300, 0),
	(21, 'Impeding traffic flow', 110, 1),
	(22, 'Public Intoxication', 90, 1),
	(23, 'Disorderly conduct', 90, 1),
	(24, 'Obstruction of Justice', 130, 1),
	(25, 'Insults towards Civilans', 75, 1),
	(26, 'Disrespecting of an LEO', 110, 1),
	(27, 'Verbal Threat towards a Civilan', 90, 1),
	(28, 'Verbal Threat towards an LEO', 150, 1),
	(29, 'Providing False Information', 250, 1),
	(30, 'Attempt of Corruption', 1500, 1),
	(31, 'Brandishing a weapon in city Limits', 120, 2),
	(32, 'Brandishing a Lethal Weapon in city Limits', 300, 2),
	(33, 'No Firearms License', 600, 2),
	(34, 'Possession of an Illegal Weapon', 700, 2),
	(35, 'Possession of Burglary Tools', 300, 2),
	(36, 'Grand Theft Auto', 1800, 2),
	(37, 'Intent to Sell/Distrube of an illegal Substance', 1500, 2),
	(38, 'Frabrication of an Illegal Substance', 1500, 2),
	(39, 'Possession of an Illegal Substance ', 650, 2),
	(40, 'Kidnapping of a Civilan', 1500, 2),
	(41, 'Kidnapping of an LEO', 2000, 2),
	(42, 'Robbery', 650, 2),
	(43, 'Armed Robbery of a Store', 650, 2),
	(44, 'Armed Robbery of a Bank', 1500, 2),
	(45, 'Assault on a Civilian', 2000, 3),
	(46, 'Assault of an LEO', 2500, 3),
	(47, 'Attempt of Murder of a Civilian', 3000, 3),
	(48, 'Attempt of Murder of an LEO', 5000, 3),
	(49, 'Murder of a Civilian', 10000, 3),
	(50, 'Murder of an LEO', 30000, 3),
	(51, 'Involuntary manslaughter', 1800, 3),
	(52, 'Fraud', 2000, 2);
/*!40000 ALTER TABLE `fine_types` ENABLE KEYS */;

CREATE TABLE IF NOT EXISTS `gangs` (
  `name` varchar(50) NOT NULL DEFAULT '',
  `owner_characterid` int(11) DEFAULT NULL,
  `members` longtext DEFAULT NULL,
  `ranks` longtext DEFAULT NULL,
  `upgrades` longtext DEFAULT NULL,
  PRIMARY KEY (`name`)
) ENGINE=InnoDB DEFAULT CHARSET=latin1;

/*!40000 ALTER TABLE `gangs` DISABLE KEYS */;
/*!40000 ALTER TABLE `gangs` ENABLE KEYS */;

CREATE TABLE IF NOT EXISTS `houses` (
  `houseId` int(11) NOT NULL,
  `owner` int(11) NOT NULL,
  `furniture` longtext NOT NULL DEFAULT '[]',
  `bought_furniture` text NOT NULL DEFAULT '[]',
  `boughtTime` bigint(20) NOT NULL,
  `paidMonth` int(11) NOT NULL,
  `data` longtext DEFAULT NULL
) ENGINE=InnoDB DEFAULT CHARSET=latin1;

/*!40000 ALTER TABLE `houses` DISABLE KEYS */;
INSERT INTO `houses` (`houseId`, `owner`, `furniture`, `bought_furniture`, `boughtTime`, `paidMonth`, `data`) VALUES
	(118, 25, '[{"category":"wardrobe","name":"Wooden Wardrobe","heading":0.0,"offset":[-5.019775390625,3.209716796875,-1.40799713134765],"object":"v_res_tre_wardrobe"}]', '{}', 1613077029, 1, '[]');
/*!40000 ALTER TABLE `houses` ENABLE KEYS */;

CREATE TABLE IF NOT EXISTS `ipcache` (
  `ip` varchar(50) NOT NULL,
  `data` text NOT NULL DEFAULT '',
  `cache_time` timestamp NOT NULL DEFAULT current_timestamp(),
  PRIMARY KEY (`ip`)
) ENGINE=InnoDB DEFAULT CHARSET=latin1;

/*!40000 ALTER TABLE `ipcache` DISABLE KEYS */;
/*!40000 ALTER TABLE `ipcache` ENABLE KEYS */;

CREATE TABLE IF NOT EXISTS `items` (
  `name` varchar(50) NOT NULL,
  `label` varchar(50) NOT NULL,
  `weight` int(11) NOT NULL DEFAULT 1,
  `rare` tinyint(1) NOT NULL DEFAULT 0,
  `can_remove` tinyint(1) NOT NULL DEFAULT 1,
  `can_stock` tinyint(1) DEFAULT 0,
  `type` varchar(50) NOT NULL,
  PRIMARY KEY (`name`)
) ENGINE=InnoDB DEFAULT CHARSET=latin1;

/*!40000 ALTER TABLE `items` DISABLE KEYS */;
INSERT INTO `items` (`name`, `label`, `weight`, `rare`, `can_remove`, `can_stock`, `type`) VALUES
	('advanced_lockpick', 'Advance Lockpick', 1, 0, 1, 1, 'manufactured'),
	('alive_chicken', 'living chicken', 20, 0, 1, 0, 'raw'),
	('apple', 'Apple', 1, 0, 1, 1, 'raw'),
	('armor', 'Armor', 1, 0, 1, 0, 'weapon'),
	('bandage', 'Bandage', 0, 0, 1, 1, 'manufactured'),
	('barrel', 'Barrel', 20, 0, 1, 1, 'manufactured'),
	('beer', 'Beer', 1, 0, 1, 1, 'manufactured'),
	('blackberry', 'Deep Web Sim Card', 1, 0, 1, 1, 'manufactured'),
	('blank_usb', 'Blank USB', 1, 0, 1, 0, 'manufactured'),
	('blood_bag_delivery', 'Blood Bag', 10, 0, 1, 0, 'manufactured'),
	('blowpipe', 'Chalumeaux', 10, 0, 1, 0, 'manufactured'),
	('breaching_charge', 'Breaching Charge', 1, 0, 1, 0, 'manufactured'),
	('bread', 'Bread', 1, 0, 1, 1, 'raw'),
	('c4', 'C4 Explosive', 1, 0, 1, 0, 'manufactured'),
	('cannabis', 'Cannabis', 1, 0, 1, 1, 'raw'),
	('carokit', 'Body Kit', 1, 0, 1, 0, 'manufactured'),
	('casino_blackjack_chip', 'Blackjack Chip', 0, 1, 1, 0, 'manufactured'),
	('casino_clothingtoken', 'Casino Clothing Pass', 0, 1, 1, 0, 'manufactured'),
	('casino_playtoken', 'Casino Play Token', 0, 1, 1, 0, 'manufactured'),
	('clothe', 'cloth', 1, 0, 1, 0, 'manufactured'),
	('cocaine', 'Processed Cocaine', 1, 0, 1, 0, 'manufactured'),
	('coca_leaves', 'Coca Leaves', 1, 0, 1, 0, 'raw'),
	('code_cracker', 'LC69 Software', 1, 0, 1, 0, 'manufactured'),
	('copper', 'copper', 1, 0, 1, 0, 'raw'),
	('corona', 'Corona', 1, 0, 0, 0, 'manufactured'),
	('cutted_wood', 'Cut Wood', 1, 0, 1, 1, 'raw'),
	('delivery_large_amzParcel', 'Large Amazoom Parcel', 10, 0, 1, 0, 'manufactured'),
	('delivery_large_pizza', 'Rocket Large Pizza', 10, 0, 1, 0, 'manufactured'),
	('delivery_medium_amzParcel', 'Medium Amazoom Parcel', 7, 0, 1, 0, 'manufactured'),
	('delivery_regular_pizza', 'Rocket Regular Pizza', 5, 0, 1, 0, 'manufactured'),
	('delivery_small_amzParcel', 'Small Amazoom Parcel', 4, 0, 1, 0, 'manufactured'),
	('diamond', 'Diamond', 1, 0, 1, 1, 'raw'),
	('drill', 'Drill', 1, 0, 1, 1, 'manufactured'),
	('essence', 'gas', 1, 0, 1, 0, 'raw'),
	('fabric', 'fabric', 1, 0, 1, 0, 'raw'),
	('fiftycalmodification', '50. Modification Kit', 20, 0, 1, 0, 'raw'),
	('fish', 'Fish', 1, 0, 1, 1, 'raw'),
	('fishbait', 'Fish Bait', 2, 0, 1, 1, 'raw'),
	('fishingrod', 'Fishing Rod', 2, 0, 1, 1, 'manufactured'),
	('fixkit', 'Repair Kit', 1, 0, 1, 0, 'UNUSED'),
	('gold', 'Gold', 1, 0, 1, 1, 'raw'),
	('grip', 'Grip', 20, 0, 1, 1, 'manufactured'),
	('gunpowder', 'Gunpowder', 1, 0, 1, 1, 'raw'),
	('hifi', 'Portable Speaker', 1, 0, 1, 1, 'manufactured'),
	('iron', 'Iron', 1, 0, 1, 1, 'raw'),
	('leather', 'Leather', 1, 0, 1, 1, 'raw'),
	('lockpick', 'Lockpick', 1, 0, 1, 1, 'manufactured'),
	('marijuana', 'Marijuana', 1, 0, 1, 1, 'raw'),
	('MASK_BEAR', 'Bear Mask', 2, 0, 1, 1, 'manufactured'),
	('MASK_BULL', 'Minotaur Mask', 2, 0, 1, 1, 'manufactured'),
	('MASK_COOKIE', 'Gingy Mask', 2, 0, 1, 1, 'manufactured'),
	('MASK_EAGLE', 'Eagle Mask', 2, 0, 1, 1, 'manufactured'),
	('MASK_HAWK', 'Hawk Mask', 2, 0, 1, 1, 'manufactured'),
	('MASK_JAFFA', 'Fox Mask', 2, 0, 1, 1, 'manufactured'),
	('MASK_OWL', 'Owl Mask', 2, 0, 1, 1, 'manufactured'),
	('MASK_PENGUIN', 'Penguin Mask', 2, 0, 1, 1, 'manufactured'),
	('MASK_PIG', 'Pig Mask', 2, 0, 1, 1, 'manufactured'),
	('MASK_PURGEPIG', 'Dark Pig Mask', 2, 0, 1, 1, 'manufactured'),
	('MASK_WOLF', 'Wolf Mask', 2, 0, 1, 1, 'manufactured'),
	('meat', 'Meat', 1, 0, 1, 0, 'raw'),
	('medikit', 'Medikit', 0, 0, 0, 0, 'manufactured'),
	('meth', 'Bag of Meth', 1, 0, 1, 0, 'raw'),
	('orange', 'Orange', 1, 0, 1, 1, 'raw'),
	('ore_gold', 'Gold Ore', 1, 0, 1, 1, 'raw'),
	('ore_iron', 'Iron Ore', 1, 0, 1, 1, 'raw'),
	('organ_delivery', 'Vital Organ', 26, 0, 1, 0, 'raw'),
	('packaged_chicken', 'chicken fillet', 1, 0, 1, 0, 'raw'),
	('packaged_plank', 'packaged wood', 1, 0, 1, 0, 'raw'),
	('petrol', 'Oil Container', 1, 0, 1, 1, 'raw'),
	('petrol_raffin', 'processed oil', 1, 0, 1, 0, 'manufactured'),
	('phone', 'Phone', 1, 0, 1, 1, 'raw'),
	('pickaxe', 'Pickaxe', 2, 0, 1, 1, 'raw'),
	('PLASTIC_COLOURANT', 'Plastic Colourant', 2, 0, 1, 1, 'raw'),
	('PLASTIC_SHEET', 'Sheet of Plastic', 2, 0, 1, 1, 'raw'),
	('pseudoephedrine', 'Pseudoephedrine', 1, 0, 1, 0, 'raw'),
	('radio', 'Radio', 5, 0, 1, 1, 'manafactured'),
	('redgull', 'Redgull', 1, 0, 1, 1, 'manufactured'),
	('repairkit', 'Repairkit', 3, 0, 1, 1, 'manufactured'),
	('safe_keys', 'Keys', 1, 0, 1, 0, 'raw'),
	('shark', 'Shark', -1, 0, 1, 1, 'raw'),
	('sim_card', 'Blank Sim Card', 0, 0, 1, 1, 'manufactured'),
	('slaughtered_chicken', 'slaughtered chicken', 1, 0, 1, 0, 'raw'),
	('stone', 'stone', 1, 0, 1, 0, 'raw'),
	('tequila', 'Tequila', 1, 0, 1, 1, 'raw'),
	('trigger', 'Trigger', 10, 0, 1, 1, 'manufactured'),
	('turtle', 'Sea Turtle', 3, 0, 1, 1, 'raw'),
	('turtlebait', 'Turtle Bait', 10, 0, 1, 0, 'raw'),
	('unripe_apple', 'Unripe Apple', 1, 0, 1, 0, 'raw'),
	('unripe_orange', 'Unripe Orange', 1, 0, 1, 0, 'raw'),
	('usb', 'USB', 1, 0, 1, 0, 'manufactured'),
	('vehmod_backlight_headlight', 'Vehicle Headlight Backlight', 1, 0, 1, 0, 'manufactured'),
	('vehmod_blue_headlight', 'Vehicle Headlight Blue', 1, 0, 1, 0, 'manufactured'),
	('vehmod_default_headlight', 'Vehicle Headlight Default', 1, 0, 1, 0, 'manufactured'),
	('vehmod_eblue_headlight', 'Vehicle Headlight E-Blue', 1, 0, 1, 0, 'manufactured'),
	('vehmod_gshower_headlight', 'Vehicle Headlight G-Shower', 1, 0, 1, 0, 'manufactured'),
	('vehmod_hpink_headlight', 'Vehicle Headlight H-Pink', 1, 0, 1, 0, 'manufactured'),
	('vehmod_lgreen_headlight', 'Vehicle Headlight L-Green', 1, 0, 1, 0, 'manufactured'),
	('vehmod_mgreen_headlight', 'Vehicle Headlight M-Green', 1, 0, 1, 0, 'manufactured'),
	('vehmod_orange_headlight', 'Vehicle Headlight Orange', 1, 0, 1, 0, 'manufactured'),
	('vehmod_ppink_headlight', 'Vehicle Headlight P-Pink', 1, 0, 1, 0, 'manufactured'),
	('vehmod_red_headlight', 'Vehicle Headlight Red', 1, 0, 1, 0, 'manufactured'),
	('vehmod_white_headlight', 'Vehicle Headlight White', 1, 0, 1, 0, 'manufactured'),
	('vehmod_yellow_headlight', 'Vehicle Headlight Yellow', 1, 0, 1, 0, 'manufactured'),
	('vladickas', 'Vladic\'s Special Brew', 1, 0, 1, 0, 'manufactured'),
	('vodka', 'Vodka', 1, 0, 1, 1, 'manufactured'),
	('washed_stone', 'washed stone', 1, 0, 1, 0, 'raw'),
	('washkit', 'Wash Cloth', 1, 0, 1, 1, 'manufactured'),
	('water', 'Water', 1, 0, 1, 1, 'manufactured'),
	('WEAPON_ADVANCEDRIFLE', 'Advanced Rifle', 0, 0, 1, 0, 'weapon'),
	('WEAPON_APPISTOL', 'AP Pistol', 0, 0, 1, 0, 'weapon'),
	('WEAPON_ASSAULTRIFLE', 'Assault Rifle', 0, 0, 1, 0, 'weapon'),
	('WEAPON_ASSAULTSHOTGUN', 'Assault Shotgun', 0, 0, 1, 0, 'weapon'),
	('WEAPON_ASSAULTSMG', 'Assault SMG', 0, 0, 1, 0, 'weapon'),
	('WEAPON_AUTOSHOTGUN', 'Auto Shotgun', 0, 0, 1, 0, 'weapon'),
	('WEAPON_BALL', 'Ball', 0, 0, 1, 0, 'weapon'),
	('WEAPON_BAT', 'Bat', 0, 0, 1, 0, 'weapon'),
	('WEAPON_BATTLEAXE', 'Battle Axe', 0, 0, 1, 0, 'weapon'),
	('WEAPON_BOTTLE', 'Bottle', 0, 0, 1, 0, 'weapon'),
	('WEAPON_BULLPUPRIFLE', 'Bullpup Rifle', 0, 0, 1, 0, 'weapon'),
	('WEAPON_BULLPUPSHOTGUN', 'Bullpup Shotgun', 0, 0, 1, 0, 'weapon'),
	('WEAPON_BZGAS', 'BZ Gas', 0, 0, 1, 0, 'weapon'),
	('WEAPON_CARBINERIFLE', 'Carbine Rifle', 0, 0, 1, 0, 'weapon'),
	('WEAPON_COMBATMG', 'Combat MG', 0, 0, 1, 0, 'weapon'),
	('WEAPON_COMBATPDW', 'Combat PDW', 0, 0, 1, 0, 'weapon'),
	('WEAPON_COMBATPISTOL', 'Combat Pistol', 0, 0, 1, 0, 'weapon'),
	('WEAPON_COMPACTLAUNCHER', 'Compact Launcher', 0, 0, 1, 0, 'weapon'),
	('WEAPON_COMPACTRIFLE', 'Compact Rifle', 0, 0, 1, 0, 'weapon'),
	('WEAPON_CROWBAR', 'Crowbar', 0, 0, 1, 0, 'weapon'),
	('WEAPON_DAGGER', 'Dagger', 0, 0, 1, 0, 'weapon'),
	('WEAPON_DBSHOTGUN', 'Double Barrel Shotgun', 0, 0, 1, 0, 'weapon'),
	('WEAPON_DIGISCANNER', 'Digiscanner', 0, 0, 1, 0, 'weapon'),
	('WEAPON_DOUBLEACTION', 'Double Action Revolver', 0, 0, 1, 0, 'weapon'),
	('WEAPON_FIREEXTINGUISHER', 'Fire Extinguisher', 0, 0, 1, 0, 'weapon'),
	('WEAPON_FIREWORK', 'Firework Launcher', 0, 0, 1, 0, 'weapon'),
	('WEAPON_FLARE', 'Flare', 0, 0, 1, 0, 'weapon'),
	('WEAPON_FLAREGUN', 'Flare Gun', 0, 0, 1, 0, 'weapon'),
	('WEAPON_FLASHLIGHT', 'Flashlight', 0, 0, 1, 0, 'weapon'),
	('WEAPON_GARBAGEBAG', 'Garbage Bag', 0, 0, 1, 0, 'weapon'),
	('WEAPON_GOLFCLUB', 'Golf Club', 0, 0, 1, 0, 'weapon'),
	('WEAPON_GRENADE', 'Grenade', 0, 0, 1, 0, 'weapon'),
	('WEAPON_GRENADELAUNCHER', 'Gernade Launcher', 0, 0, 1, 0, 'weapon'),
	('WEAPON_GUSENBERG', 'Gusenberg', 0, 0, 1, 0, 'weapon'),
	('WEAPON_HAMMER', 'Hammer', 0, 0, 1, 0, 'weapon'),
	('WEAPON_HANDCUFFS', 'Handcuffs', 0, 0, 1, 0, 'weapon'),
	('WEAPON_HATCHET', 'Hatchet', 0, 0, 1, 0, 'weapon'),
	('WEAPON_HEAVYPISTOL', 'Heavy Pistol', 0, 0, 1, 0, 'weapon'),
	('WEAPON_HEAVYSHOTGUN', 'Heavy Shotgun', 0, 0, 1, 0, 'weapon'),
	('WEAPON_HEAVYSNIPER', 'Heavy Sniper', 0, 0, 1, 0, 'weapon'),
	('WEAPON_HOMINGLAUNCHER', 'Homing Launcher', 0, 0, 1, 0, 'weapon'),
	('WEAPON_KNIFE', 'Knife', 0, 0, 1, 0, 'weapon'),
	('WEAPON_KNUCKLE', 'Knuckle Dusters ', 0, 0, 1, 0, 'weapon'),
	('WEAPON_MACHETE', 'Machete', 0, 0, 1, 0, 'weapon'),
	('WEAPON_MACHINEPISTOL', 'Machine Pistol', 0, 0, 1, 0, 'weapon'),
	('WEAPON_MARKSMANPISTOL', 'Marksman Pistol', 0, 0, 1, 0, 'weapon'),
	('WEAPON_MARKSMANRIFLE', 'Marksman Rifle', 0, 0, 1, 0, 'weapon'),
	('WEAPON_MG', 'MG', 0, 0, 1, 0, 'weapon'),
	('WEAPON_MICROSMG', 'Micro SMG', 0, 0, 1, 0, 'weapon'),
	('WEAPON_MINIGUN', 'Minigun', 0, 0, 1, 0, 'weapon'),
	('WEAPON_MINISMG', 'Mini SMG', 0, 0, 1, 0, 'weapon'),
	('WEAPON_MOLOTOV', 'Molotov', 0, 0, 1, 0, 'weapon'),
	('WEAPON_MUSKET', 'Musket', 0, 0, 0, 0, 'weapon'),
	('WEAPON_NIGHTSTICK', 'Police Baton', 0, 0, 0, 0, 'weapon'),
	('WEAPON_PETROLCAN', 'Petrol Can', 0, 0, 1, 0, 'weapon'),
	('WEAPON_PIPEBOMB', 'Pipe Bomb', 0, 0, 1, 0, 'weapon'),
	('WEAPON_PISTOL', 'Pistol', 0, 0, 1, 0, 'weapon'),
	('WEAPON_PISTOL50', 'Police .50', 0, 0, 1, 0, 'weapon'),
	('WEAPON_POOLCUE', 'Pool Cue', 0, 0, 1, 0, 'weapon'),
	('WEAPON_PROXMINE', 'Proximity Mine', 0, 0, 1, 0, 'weapon'),
	('WEAPON_PUMPSHOTGUN', 'Pump Shotgun', 0, 0, 1, 0, 'weapon'),
	('WEAPON_RAILGUN', 'Rail Gun', 0, 0, 1, 0, 'weapon'),
	('WEAPON_REVOLVER', 'Revolver', 0, 0, 1, 0, 'weapon'),
	('WEAPON_RPG', 'RPG', 0, 0, 1, 0, 'weapon'),
	('WEAPON_SAWNOFFSHOTGUN', 'Sawn Off Shotgun', 0, 0, 1, 0, 'weapon'),
	('WEAPON_SMG', 'SMG', 0, 0, 1, 0, 'weapon'),
	('WEAPON_SMOKEGRENADE', 'Smoke Gernade', 0, 0, 1, 0, 'weapon'),
	('WEAPON_SNIPERRIFLE', 'Sniper Rifle', 0, 0, 1, 0, 'weapon'),
	('WEAPON_SNOWBALL', 'Snow Ball', 0, 0, 1, 0, 'weapon'),
	('WEAPON_SNSPISTOL', 'SNS Pistol', 0, 0, 1, 0, 'weapon'),
	('WEAPON_SPECIALCARBINE', 'Special Rifle', 0, 0, 1, 0, 'weapon'),
	('WEAPON_STICKYBOMB', 'Sticky Bombs', 0, 0, 1, 0, 'weapon'),
	('WEAPON_STINGER', 'Stinger', 0, 0, 1, 0, 'weapon'),
	('WEAPON_STUNGUN', 'Police Taser', 0, 0, 1, 0, 'weapon'),
	('WEAPON_SWITCHBLADE', 'Switch Blade', 0, 0, 1, 0, 'weapon'),
	('WEAPON_VINTAGEPISTOL', 'Vintage Pistol', 0, 0, 1, 0, 'weapon'),
	('WEAPON_WRENCH', 'Wrench', 0, 0, 1, 0, 'weapon'),
	('whisky', 'Whisky', 1, 0, 1, 1, 'manufactured'),
	('wine', 'Bottle of Wine', 1, 0, 1, 1, 'manufactured'),
	('wood', 'Wood', 1, 0, 1, 1, 'raw'),
	('wool', 'wool', 1, 0, 1, 0, 'raw'),
	('ziptie', 'Ziptie', 1, 0, 1, 1, 'manufactured');
/*!40000 ALTER TABLE `items` ENABLE KEYS */;

CREATE TABLE IF NOT EXISTS `jobs` (
  `name` varchar(50) NOT NULL,
  `label` varchar(50) DEFAULT NULL,
  `whitelisted` tinyint(1) NOT NULL DEFAULT 0,
  PRIMARY KEY (`name`)
) ENGINE=InnoDB DEFAULT CHARSET=latin1;

/*!40000 ALTER TABLE `jobs` DISABLE KEYS */;
INSERT INTO `jobs` (`name`, `label`, `whitelisted`) VALUES
	('ambulance', 'Ambulance Service', 1),
	('city', 'City Council', 1),
	('delivery', 'Delivery Service', 0),
	('iopc', 'IOPC', 1),
	('lost', 'Lost MC', 1),
	('mechanic', 'Mechanic', 0),
	('nca', 'National Crime Agency', 1),
	('police', 'Police Service', 1),
	('staff', 'Staff', 1),
	('taxi', 'Taxi', 0),
	('unemployed', 'Unemployed', 0);
/*!40000 ALTER TABLE `jobs` ENABLE KEYS */;

CREATE TABLE IF NOT EXISTS `job_grades` (
  `id` int(11) NOT NULL AUTO_INCREMENT,
  `job_name` varchar(50) DEFAULT NULL,
  `grade` int(11) NOT NULL,
  `name` varchar(50) NOT NULL,
  `label` varchar(50) NOT NULL,
  `salary` int(11) NOT NULL,
  `skin_male` longtext NOT NULL,
  `skin_female` longtext NOT NULL,
  PRIMARY KEY (`id`)
) ENGINE=InnoDB AUTO_INCREMENT=45 DEFAULT CHARSET=latin1;

/*!40000 ALTER TABLE `job_grades` DISABLE KEYS */;
INSERT INTO `job_grades` (`id`, `job_name`, `grade`, `name`, `label`, `salary`, `skin_male`, `skin_female`) VALUES
	(1, 'unemployed', 0, 'unemployed', 'Unemployed', 20, '{}', '{}'),
	(2, 'staff', 0, 'staff', 'Development Team', 0, '{}', '{}'),
	(3, 'ambulance', 0, 'eca', 'Emergency Care Assistant', 40, '{}', '{}'),
	(4, 'ambulance', 1, 'technician', 'Technician', 60, '{}', '{}'),
	(5, 'ambulance', 3, 'paramedic', 'Paramedic', 80, '{}', '{}'),
	(6, 'ambulance', 4, 'specparamedic', 'Specialist Paramedic', 120, '{}', '{}'),
	(7, 'ambulance', 5, 'advancparamedic', 'Advanced Paramedic', 140, '{}', '{}'),
	(8, 'ambulance', 6, 'doctor', 'Doctor', 160, '{}', '{}'),
	(9, 'ambulance', 7, 'director', 'Director', 200, '{}', '{}'),
	(10, 'police', 0, 'ppc', 'Probationary Police Constable', 40, '{}', '{}'),
	(11, 'police', 1, 'pc', 'Police Constable', 60, '{}', '{}'),
	(12, 'police', 3, 'sergeant', 'Sergeant', 80, '{}', '{}'),
	(13, 'police', 4, 'inspector', 'Inspector', 120, '{}', '{}'),
	(14, 'police', 5, 'cinspector', 'Chief Inspector', 140, '{}', '{}'),
	(15, 'police', 6, 'super', 'Superintendent', 160, '{}', '{}'),
	(16, 'police', 7, 'csuper', 'Chief Superintendent', 200, '{}', '{}'),
	(17, 'lost', 0, 'prospect', 'Prospect', 40, '{}', '{}'),
	(18, 'lost', 1, 'member', 'Member', 60, '{}', '{}'),
	(19, 'lost', 2, 'ambassador', 'Ambassador', 80, '{}', '{}'),
	(20, 'lost', 3, 'enforcer', 'Enforcer', 100, '{}', '{}'),
	(21, 'lost', 4, 'officer', 'Officer', 100, '{}', '{}'),
	(22, 'lost', 5, 'roadcaptain', 'Road Captain', 100, '{}', '{}'),
	(23, 'lost', 6, 'stgatarms', 'Sgt At Arms', 100, '{}', '{}'),
	(24, 'lost', 7, 'chaplain', 'Chaplain', 100, '{}', '{}'),
	(25, 'lost', 8, 'vpresident', 'Vice President', 100, '{}', '{}'),
	(26, 'lost', 9, 'president', 'President', 100, '{}', '{}'),
	(27, 'mechanic', 0, 'recrue', 'Driver', 25, '{}', '{}'),
	(28, 'mechanic', 1, 'novice', 'Novice', 29, '{}', '{}'),
	(29, 'mechanic', 2, 'experimente', 'Experienced', 36, '{}', '{}'),
	(30, 'mechanic', 3, 'chief', 'Leader', 48, '{}', '{}'),
	(31, 'mechanic', 4, 'boss', 'Boss', 0, '{}', '{}'),
	(32, 'delivery', 0, 'burgershot', 'Burgershot Delivery', 23, '{}', '{}'),
	(33, 'delivery', 1, 'coolbeans', 'Coolbeans Coffee Delivery', 23, '{}', '{}'),
	(34, 'taxi', 0, 'proby', 'Probationary Driver', 25, '{}', '{}'),
	(35, 'taxi', 1, 'novice', 'Novice Driver', 29, '{}', '{}'),
	(36, 'taxi', 2, 'journey', 'Journeyman Driver', 36, '{}', '{}'),
	(37, 'taxi', 3, 'skillz', 'Skilled Driver', 48, '{}', '{}'),
	(38, 'taxi', 4, 'boss', 'Taxi Boss', 0, '{}', '{}'),
	(39, 'nca', 1, 'employee', 'NCA Employee', 25, '{}', '{}'),
	(40, 'nca', 2, 'command', 'NCA Command', 30, '{}', '{}'),
	(41, 'city', 1, 'member', 'Council Member', 0, '{}', '{}'),
	(42, 'city', 2, 'leader', 'Council Lead', 0, '{}', '{}'),
	(43, 'iopc', 1, 'member', 'IOPC Member', 40, '{}', '{}'),
	(44, 'iopc', 2, 'command', 'IOPC Command', 40, '{}', '{}');
/*!40000 ALTER TABLE `job_grades` ENABLE KEYS */;

CREATE TABLE IF NOT EXISTS `licenses` (
  `type` varchar(60) NOT NULL,
  `label` varchar(60) NOT NULL,
  `description` varchar(200) DEFAULT NULL,
  `price` int(11) DEFAULT 0,
  `available` int(3) DEFAULT 1,
  PRIMARY KEY (`type`)
) ENGINE=InnoDB DEFAULT CHARSET=latin1;

/*!40000 ALTER TABLE `licenses` DISABLE KEYS */;
INSERT INTO `licenses` (`type`, `label`, `description`, `price`, `available`) VALUES
	('aircraft', 'Light Aircraft Pilot Licence ', 'Allows the person to fly a light aircraft whilst following city regulations and following all currently enforced limitations/laws', 35000, 1),
	('boating', 'Boating Licence', 'Allows the person to drive a light watercraft whilst following city regulations and following all currently enforced limitations/laws', 10000, 1),
	('drive', 'Driving Licence', 'Allows the person to drive a motorvehicle whilst following city regulations and following all currently enforced limitations/laws', 1000, 1),
	('drive_bike', 'Motorcycle Licence', 'Allows the person to drive a motorcycle whilst following city regulations and following all currently enforced limitations/laws', 25000, 1),
	('drive_truck', 'Commercial Vehicle Licence', 'Allows the person to drive a vehicle for commercial purposes whilst following city regulations and following all currently enforced limitations/laws', 10000, 1),
	('mechanic', 'Mechanic Licence', 'Allows the person to operate and practice as a city mechanic', 5000, 1),
	('rpuk_blood', 'Blood Delivery Licence', 'Allows the person to use red emergency lights and marked blood vehicles to deliver blood to approved NHS locations', 10000, 1),
	('taxi', 'Taxi Licence', 'Allows the person to operate and practice as a city taxi driver', 2000, 1),
	('weapon', 'Firearm Permit', 'Allows the person to be in possession of a firearm whilst following enforced limitations/laws. Firearms are not to be carried in public and should only be used for sporting activities', 15000, 1),
	('weed_processing', 'Drug Processing Licence', 'An illegal training', 0, 0);
/*!40000 ALTER TABLE `licenses` ENABLE KEYS */;

CREATE TABLE IF NOT EXISTS `log_blackjack` (
  `rpuk_charid` int(11) NOT NULL,
  `bet` int(11) NOT NULL,
  `winnings` int(11) DEFAULT NULL,
  `game_time` datetime NOT NULL DEFAULT current_timestamp(),
  `mainhand` tinytext NOT NULL,
  `splithand` tinytext DEFAULT '{}',
  `dealerhand` tinytext NOT NULL
) ENGINE=InnoDB DEFAULT CHARSET=utf8;

/*!40000 ALTER TABLE `log_blackjack` DISABLE KEYS */;
/*!40000 ALTER TABLE `log_blackjack` ENABLE KEYS */;

CREATE TABLE IF NOT EXISTS `log_death` (
  `death_id` int(11) NOT NULL AUTO_INCREMENT,
  `character_id_victim` int(11) NOT NULL,
  `character_id_killer` int(11) DEFAULT NULL,
  `death_cause` varchar(255) NOT NULL,
  PRIMARY KEY (`death_id`)
) ENGINE=InnoDB DEFAULT CHARSET=latin1;

/*!40000 ALTER TABLE `log_death` DISABLE KEYS */;
/*!40000 ALTER TABLE `log_death` ENABLE KEYS */;

CREATE TABLE IF NOT EXISTS `log_group_armory` (
  `identifier` varchar(50) NOT NULL,
  `job` varchar(50) NOT NULL DEFAULT 'unemployed',
  `type` varchar(50) NOT NULL,
  `name` varchar(50) NOT NULL,
  `item` varchar(50) NOT NULL,
  `quantity` varchar(50) NOT NULL,
  `game_time` datetime NOT NULL DEFAULT current_timestamp()
) ENGINE=InnoDB DEFAULT CHARSET=utf8;

/*!40000 ALTER TABLE `log_group_armory` DISABLE KEYS */;
INSERT INTO `log_group_armory` (`identifier`, `job`, `type`, `name`, `item`, `quantity`, `game_time`) VALUES
	('steam:1100001054f72bc', 'police', 'storage', 'Recon Nine', 'WEAPON_COMBATPISTOL', '+1', '2020-09-16 22:02:34'),
	('steam:1100001054f72bc', 'police', 'storage', 'Recon Nine', 'water', '+1', '2020-09-16 22:04:14'),
	('steam:1100001054f72bc', 'police', 'storage', 'Recon Nine', 'WEAPON_COMBATPISTOL', '-1', '2020-09-16 22:04:27'),
	('steam:1100001054f72bc', 'police', 'storage', 'Recon Nine', 'WEAPON_COMBATPISTOL', '+1', '2020-09-16 22:11:38'),
	('steam:110000104ed291c', 'unemployed', 'storage', 'Finn Öberg', 'WEAPON_PISTOL', '+1', '2020-09-16 22:11:47'),
	('steam:110000104ed291c', 'unemployed', 'storage', 'Finn Öberg', 'bread', '+1', '2020-09-16 22:11:52'),
	('steam:110000104ed291c', 'police', 'storage', 'Finn Öberg', 'bread', '+5', '2020-09-16 22:14:04'),
	('steam:110000104ed291c', 'unemployed', 'storage', 'Finn Öberg', 'bread', '+25', '2020-09-16 22:15:41');
/*!40000 ALTER TABLE `log_group_armory` ENABLE KEYS */;

CREATE TABLE IF NOT EXISTS `log_slots` (
  `id` int(11) NOT NULL AUTO_INCREMENT,
  `rpuk_charid` int(11) NOT NULL,
  `game_time` datetime NOT NULL DEFAULT current_timestamp(),
  `machine_theme` int(11) NOT NULL,
  `bet` int(11) NOT NULL,
  `winnings` int(11) NOT NULL,
  `reels` tinytext NOT NULL,
  `reels_str` tinytext NOT NULL,
  PRIMARY KEY (`id`)
) ENGINE=InnoDB DEFAULT CHARSET=utf8;

/*!40000 ALTER TABLE `log_slots` DISABLE KEYS */;
/*!40000 ALTER TABLE `log_slots` ENABLE KEYS */;

CREATE TABLE IF NOT EXISTS `mdt_obs` (
  `id` int(11) NOT NULL AUTO_INCREMENT,
  `type` varchar(50) CHARACTER SET utf8mb4 NOT NULL COMMENT 'vehicle or person',
  `officer` varchar(50) CHARACTER SET utf8mb4 NOT NULL COMMENT 'officer who generated the observation',
  `description` longtext CHARACTER SET utf8mb4 NOT NULL COMMENT 'observation main content',
  `markers` longtext CHARACTER SET utf8mb4 NOT NULL COMMENT 'markers attached to the observation',
  `added` datetime NOT NULL DEFAULT current_timestamp(),
  `active` tinyint(3) NOT NULL DEFAULT 1 COMMENT '0 - inactive, 1 - active',
  PRIMARY KEY (`id`)
) ENGINE=InnoDB AUTO_INCREMENT=8 DEFAULT CHARSET=utf8;

/*!40000 ALTER TABLE `mdt_obs` DISABLE KEYS */;
INSERT INTO `mdt_obs` (`id`, `type`, `officer`, `description`, `markers`, `added`, `active`) VALUES
	(4, 'persons', 'Clarke Miller', 'Drunk guy, red jacket, mini uzi, legion square - be aware he is a violent motherfucker, he likes gambling, goes by the name jeff? he likes gambling, goes by the name jeff? ', '["FI"]', '2020-08-02 04:40:34', 1),
	(7, 'persons', 'Clarke Miller', 'Drunk guy, red jacket, mini uzi, legion square - be aware he is a violent motherfucker, he likes gambling, goes by the name jeff?Drunk guy, red jacket, mini uzi, legion square - be aware he is a violent motherfucker, he likes gambling, goes by the name jeff? he likes gambling, goes by the name jeff? Drunk guy, red jacket, mini uzi, legion square - be aware he is a violent motherfucker, he likes gambling, goes by the name jeff? he likes gambling, goes by the name jeff? Drunk guy, red jacket, mini uzi, legion square - be aware he is a violent motherfucker, he likes gambling, goes by the name jeff? he likes gambling, goes Drunk guy, red jacket, mini uzi, legion square - be aware he is a violent motherfucker, he likes gambling, goes by the name jeff? he likes gambling, goes by the name jeff? Drunk guy, red jacket, mini uzi, legion square - be aware he is a violent motherfucker, he likes gambling, goes by the name jeff? he likes gambling, goes by the name jeff? Drunk guy, red jacket, mini uzi, legion square - be aware he is a violent motherfucker, he likes gambling, goes by the name jeff? he likes gambling, goes by the name jeff? Drunk guy, red jacket, mini uzi, legion square - be aware he is a violent motherfucker, he likes gambling, goes by the name jeff? he likes gambling, goes by the name jeff? by the name jeff?  he likes gambling, goes by the name jeff? ', '["FI","VI","CL"]', '2020-08-02 05:48:55', 1);
/*!40000 ALTER TABLE `mdt_obs` ENABLE KEYS */;

CREATE TABLE IF NOT EXISTS `mdt_reports` (
  `id` int(11) NOT NULL AUTO_INCREMENT,
  `char_id` int(11) DEFAULT NULL,
  `title` varchar(255) DEFAULT NULL,
  `incident` longtext DEFAULT NULL,
  `charges` longtext DEFAULT NULL,
  `author` varchar(255) DEFAULT NULL,
  `name` varchar(255) DEFAULT NULL,
  `date` datetime DEFAULT current_timestamp(),
  `fine` int(11) DEFAULT NULL,
  `duration` int(11) DEFAULT NULL,
  `actioned` tinyint(11) DEFAULT 0,
  `deleted` tinyint(1) NOT NULL DEFAULT 0,
  `public` tinyint(1) NOT NULL DEFAULT 0,
  PRIMARY KEY (`id`)
) ENGINE=InnoDB DEFAULT CHARSET=latin1;

/*!40000 ALTER TABLE `mdt_reports` DISABLE KEYS */;
/*!40000 ALTER TABLE `mdt_reports` ENABLE KEYS */;

CREATE TABLE IF NOT EXISTS `mdt_warrants` (
  `id` int(11) NOT NULL AUTO_INCREMENT,
  `name` varchar(255) DEFAULT NULL,
  `char_id` int(11) DEFAULT NULL,
  `report_id` int(11) DEFAULT NULL,
  `report_title` varchar(255) DEFAULT NULL,
  `charges` longtext DEFAULT NULL,
  `date` datetime DEFAULT current_timestamp(),
  `expire` varchar(255) DEFAULT NULL,
  `notes` varchar(255) DEFAULT NULL,
  `author` varchar(255) DEFAULT NULL,
  `fine` int(11) DEFAULT NULL,
  `actioned` tinyint(1) NOT NULL DEFAULT 0,
  `deleted` tinyint(1) NOT NULL DEFAULT 0,
  `duration` int(11) DEFAULT NULL,
  PRIMARY KEY (`id`),
  KEY `char_id` (`char_id`)
) ENGINE=InnoDB DEFAULT CHARSET=latin1;

/*!40000 ALTER TABLE `mdt_warrants` DISABLE KEYS */;
/*!40000 ALTER TABLE `mdt_warrants` ENABLE KEYS */;

CREATE TABLE IF NOT EXISTS `owned_vehicles` (
  `owner` varchar(22) NOT NULL,
  `state` int(5) NOT NULL DEFAULT 0,
  `plate` varchar(12) NOT NULL,
  `vehicle` longtext DEFAULT NULL,
  `mdt` longtext CHARACTER SET utf8mb4 DEFAULT '{"markers":[],"notes":[],"description":[]}',
  `type` varchar(20) NOT NULL DEFAULT 'car',
  `job` varchar(20) DEFAULT NULL,
  `location` varchar(50) NOT NULL DEFAULT 'garage',
  `sale_price` int(11) NOT NULL DEFAULT 0 COMMENT 'Only used if in player vehicle shop',
  `purchase` datetime DEFAULT current_timestamp() COMMENT 'Registered Date / Time',
  `impound_time` int(11) DEFAULT 0,
  `rpuk_charid` int(11) DEFAULT NULL,
  PRIMARY KEY (`plate`),
  KEY `owner` (`owner`)
) ENGINE=InnoDB DEFAULT CHARSET=latin1;

/*!40000 ALTER TABLE `owned_vehicles` DISABLE KEYS */;
INSERT INTO `owned_vehicles` (`owner`, `state`, `plate`, `vehicle`, `mdt`, `type`, `job`, `location`, `sale_price`, `purchase`, `impound_time`, `rpuk_charid`) VALUES
	('steam:110000104ed291c', 0, 'BAAQ 952', '{"wheels":0,"modSideSkirt":-1,"modOrnaments":-1,"modArchCover":-1,"modAirFilter":-1,"modRoof":-1,"extras":{"10":true,"12":false},"modDoorSpeaker":-1,"modRightFender":-1,"wheelColor":156,"neonColor":[255,0,255],"modRearBumper":-1,"bulletProofTyres":false,"modTrimA":-1,"modXenon":false,"modAerials":-1,"modTank":-1,"modSeats":-1,"modArmor":-1,"modTransmission":-1,"modSuspension":-1,"modWindows":-1,"modBrakes":-1,"modGrille":-1,"modSmokeEnabled":false,"tyreSmokeColor":[255,255,255],"plate":"BAAQ 952","plateIndex":0,"bodyHealth":1000.0,"xenonColor":255,"model":-344943009,"modExhaust":-1,"windowTint":0,"modTurbo":false,"modHydrolic":-1,"modHorns":-1,"modFender":-1,"modSpeakers":-1,"color2":0,"modSteeringWheel":-1,"dirtLevel":0.0,"modDial":-1,"modTrimB":-1,"modEngineBlock":-1,"modEngine":-1,"modTrunk":-1,"modFrame":-1,"modDashboard":-1,"label":"Blista","modPlateHolder":-1,"modAPlate":-1,"fuelLevel":65.0,"modFrontBumper":-1,"pearlescentColor":111,"modShifterLeavers":-1,"color1":6,"modLivery":-1,"engineHealth":1000.0,"petrolTankHealth":1000.0,"modHood":-1,"modVanityPlate":-1,"modStruts":-1,"modStandardLivery":-1,"modBackWheels":-1,"modFrontWheels":-1,"modSpoilers":-1,"neonEnabled":[false,false,false,false]}', '{"markers":[],"notes":[],"description":[]}', 'car', NULL, 'garage', 0, '2021-02-12 16:13:38', 0, 25),
	('steam:110000104ed291c', 0, 'LJHO 173', '{"modHood":-1,"model":-344943009,"modSteeringWheel":-1,"modEngineBlock":-1,"plate":"LJHO 173","modAPlate":-1,"modArchCover":-1,"modFender":-1,"color1":6,"modSuspension":-1,"modVanityPlate":-1,"pearlescentColor":111,"modSpoilers":-1,"wheels":0,"windowTint":0,"modGrille":-1,"modWindows":-1,"modSeats":-1,"xenonColor":255,"modAerials":-1,"modStandardLivery":-1,"neonColor":[255,0,255],"engineHealth":1000.0,"modBrakes":-1,"modSmokeEnabled":false,"dirtLevel":0.0,"neonEnabled":[false,false,false,false],"modLivery":-1,"modDashboard":-1,"modOrnaments":-1,"color2":0,"modAirFilter":-1,"modEngine":-1,"modSpeakers":-1,"modTurbo":false,"modBackWheels":-1,"petrolTankHealth":1000.0,"plateIndex":0,"extras":{"10":true,"12":false},"modArmor":-1,"modRightFender":-1,"modTrunk":-1,"modXenon":false,"modDial":-1,"modTank":-1,"modExhaust":-1,"modTrimA":-1,"modFrame":-1,"wheelColor":156,"modRearBumper":-1,"modSideSkirt":-1,"fuelLevel":65.0,"bodyHealth":1000.0,"modShifterLeavers":-1,"modFrontBumper":-1,"bulletProofTyres":false,"modPlateHolder":-1,"label":"Blista","modTrimB":-1,"tyreSmokeColor":[255,255,255],"modTransmission":-1,"modFrontWheels":-1,"modStruts":-1,"modHorns":-1,"modHydrolic":-1,"modRoof":-1,"modDoorSpeaker":-1}', '{"markers":[],"notes":[],"description":[]}', 'car', NULL, 'house', 0, '2021-02-11 21:48:43', 0, 25),
	('steam:110000104ed291c', 0, 'OTCG 797', '{"modWindows":-1,"modOrnaments":-1,"modRearBumper":-1,"modTrimB":-1,"wheels":0,"windowTint":0,"modTransmission":-1,"modSmokeEnabled":false,"modSteeringWheel":-1,"extras":{"10":false,"12":false},"modAirFilter":-1,"modRightFender":-1,"bodyHealth":1000.0,"modArmor":-1,"model":-344943009,"modFrame":-1,"modSuspension":-1,"tyreSmokeColor":[255,255,255],"modHydrolic":-1,"modSeats":-1,"neonColor":[255,0,255],"modDoorSpeaker":-1,"modHood":-1,"modDashboard":-1,"wheelColor":156,"modFender":-1,"modLivery":-1,"modDial":-1,"modStandardLivery":-1,"modTrunk":-1,"modSpoilers":-1,"modXenon":false,"dirtLevel":0.0,"modBrakes":-1,"modVanityPlate":-1,"plate":"OTCG 797","neonEnabled":[false,false,false,false],"modSideSkirt":-1,"modExhaust":-1,"modFrontWheels":-1,"modStruts":-1,"modRoof":-1,"modShifterLeavers":-1,"modArchCover":-1,"engineHealth":1000.0,"modTrimA":-1,"label":"Blista","modEngine":-1,"modEngineBlock":-1,"modTank":-1,"modAPlate":-1,"petrolTankHealth":1000.0,"modFrontBumper":-1,"plateIndex":0,"modGrille":-1,"modTurbo":false,"modBackWheels":-1,"pearlescentColor":111,"modPlateHolder":-1,"modSpeakers":-1,"bulletProofTyres":false,"modHorns":-1,"color2":0,"modAerials":-1,"color1":6,"xenonColor":255,"fuelLevel":65.0}', '{"markers":[],"notes":[],"description":[]}', 'car', NULL, 'garage', 0, '2021-02-12 19:50:03', 0, 25),
	('steam:110000104ed291c', 0, 'PBJW 708', '{"modWindows":-1,"modOrnaments":-1,"modRearBumper":-1,"modTrimB":-1,"wheels":0,"windowTint":0,"modTransmission":-1,"modSmokeEnabled":false,"modSteeringWheel":-1,"extras":[],"modAirFilter":-1,"modRightFender":-1,"bodyHealth":1000.0,"modArmor":-1,"model":-616331036,"modFrame":-1,"modSuspension":-1,"tyreSmokeColor":[255,255,255],"modHydrolic":-1,"modSeats":-1,"neonColor":[255,0,255],"modDoorSpeaker":-1,"modHood":-1,"modDashboard":-1,"wheelColor":156,"modFender":-1,"modLivery":-1,"modDial":-1,"modStandardLivery":-1,"modTrunk":-1,"modSpoilers":-1,"modXenon":false,"dirtLevel":0.0,"modBrakes":-1,"modVanityPlate":-1,"plate":"PBJW 708","neonEnabled":[false,false,false,false],"modSideSkirt":-1,"modExhaust":-1,"modFrontWheels":-1,"modStruts":-1,"modRoof":-1,"modShifterLeavers":-1,"modArchCover":-1,"engineHealth":1000.0,"modTrimA":-1,"label":"Seashark","modEngine":-1,"modEngineBlock":-1,"modTank":-1,"modAPlate":-1,"petrolTankHealth":1000.0,"modFrontBumper":-1,"plateIndex":4,"modGrille":-1,"modTurbo":false,"modBackWheels":-1,"pearlescentColor":0,"modPlateHolder":-1,"modSpeakers":-1,"bulletProofTyres":false,"modHorns":-1,"color2":132,"modAerials":-1,"color1":111,"xenonColor":255,"fuelLevel":2.0}', '{"markers":[],"notes":[],"description":[]}', 'boat', NULL, 'garage', 0, '2021-02-12 19:52:15', 0, 25),
	('steam:110000104ed291c', 0, 'ZIZD 619', '{"modSideSkirt":-1,"windowTint":0,"tyreSmokeColor":[255,255,255],"modTrimB":-1,"modTrimA":-1,"modFrame":-1,"modHorns":-1,"label":"Blista","neonColor":[255,0,255],"modExhaust":-1,"xenonColor":255,"bulletProofTyres":false,"modPlateHolder":-1,"fuelLevel":65.0,"modSuspension":-1,"modEngineBlock":-1,"modFrontWheels":-1,"modArmor":-1,"modRearBumper":-1,"modRoof":-1,"color1":6,"modTransmission":-1,"wheels":0,"modStruts":-1,"modSeats":-1,"petrolTankHealth":1000.0,"pearlescentColor":111,"dirtLevel":0.0,"modAPlate":-1,"extras":{"12":false,"10":false},"modSteeringWheel":-1,"modWindows":-1,"plateIndex":0,"neonEnabled":[false,false,false,false],"modBackWheels":-1,"modDoorSpeaker":-1,"plate":"ZIZD 619","modSpoilers":-1,"modSpeakers":-1,"modFrontBumper":-1,"modDashboard":-1,"modAerials":-1,"modGrille":-1,"modSmokeEnabled":false,"modShifterLeavers":-1,"wheelColor":156,"modFender":-1,"modBrakes":-1,"modHood":-1,"modEngine":-1,"engineHealth":1000.0,"modDial":-1,"modAirFilter":-1,"modHydrolic":-1,"modRightFender":-1,"modLivery":-1,"modTurbo":false,"modTrunk":-1,"modVanityPlate":-1,"modTank":-1,"modXenon":false,"modOrnaments":-1,"modArchCover":-1,"model":-344943009,"modStandardLivery":-1,"bodyHealth":1000.0,"color2":0}', '{"markers":[],"notes":[],"description":[]}', 'car', NULL, 'legionsquare_upper', 0, '2021-01-27 18:17:38', 1611769243, 25);
/*!40000 ALTER TABLE `owned_vehicles` ENABLE KEYS */;

CREATE TABLE IF NOT EXISTS `phone_app_chat` (
  `id` int(11) NOT NULL AUTO_INCREMENT,
  `channel` varchar(20) NOT NULL,
  `message` varchar(255) NOT NULL,
  `time` timestamp NOT NULL DEFAULT current_timestamp(),
  PRIMARY KEY (`id`)
) ENGINE=InnoDB AUTO_INCREMENT=43 DEFAULT CHARSET=utf8;

/*!40000 ALTER TABLE `phone_app_chat` DISABLE KEYS */;
INSERT INTO `phone_app_chat` (`id`, `channel`, `message`, `time`) VALUES
	(28, 'a', 'a', '2020-09-30 18:19:46'),
	(29, 'a', 'a', '2020-09-30 18:19:48'),
	(30, 'gsfgsf', 'pop', '2021-01-11 22:17:56'),
	(31, 'gsfgsf', 'uoou', '2021-01-11 22:17:59'),
	(32, 'gsfgsf', 'oåopåopåo', '2021-01-11 22:18:01'),
	(33, 'ouyo', 'yigugtyu', '2021-01-11 22:34:04'),
	(34, 'ouyo', 'k', '2021-01-11 22:34:08'),
	(35, 'weed', 'Message textfa', '2021-01-15 18:17:00'),
	(36, 'weed', 'Message text', '2021-01-15 18:17:03'),
	(37, 'police', 'fafa', '2021-01-15 18:21:36'),
	(38, 'police', 'Message texta', '2021-01-15 18:21:39'),
	(39, 'weed', 'Message text', '2021-01-15 18:22:08'),
	(40, 'police', 'dadad', '2021-02-09 14:58:23'),
	(41, 'police', 'dasdada', '2021-02-09 14:58:26'),
	(42, 'police', 'dadada', '2021-02-09 14:58:27');
/*!40000 ALTER TABLE `phone_app_chat` ENABLE KEYS */;

CREATE TABLE IF NOT EXISTS `phone_calls` (
  `id` int(11) NOT NULL AUTO_INCREMENT,
  `owner` varchar(10) NOT NULL COMMENT 'Num tel proprio',
  `num` varchar(10) NOT NULL COMMENT 'Num reférence du contact',
  `incoming` int(11) NOT NULL COMMENT 'Défini si on est à l''origine de l''appels',
  `time` timestamp NOT NULL DEFAULT current_timestamp(),
  `accepts` int(11) NOT NULL COMMENT 'Appels accepter ou pas',
  PRIMARY KEY (`id`)
) ENGINE=InnoDB AUTO_INCREMENT=151 DEFAULT CHARSET=utf8;

/*!40000 ALTER TABLE `phone_calls` DISABLE KEYS */;
INSERT INTO `phone_calls` (`id`, `owner`, `num`, `incoming`, `time`, `accepts`) VALUES
	(122, '837-5342', '842-6935', 1, '2020-10-09 16:18:27', 1),
	(123, '842-6935', '837-5342', 0, '2020-10-09 16:18:27', 1),
	(124, '842-6935', '837-5342', 1, '2020-10-14 17:53:45', 0),
	(125, '837-5342', '842-6935', 0, '2020-10-14 17:53:45', 0),
	(126, '842-6935', '20', 1, '2020-10-14 17:56:40', 0),
	(127, '842-6935', '837-5342', 1, '2020-10-14 17:59:59', 0),
	(128, '837-5342', '842-6935', 0, '2020-10-14 17:59:59', 0),
	(132, '167-7699', '55', 1, '2021-01-12 18:09:15', 0),
	(133, '612-6203', '546456d dg', 1, '2021-01-15 19:34:39', 0),
	(134, '612-6203', '546456d dg', 1, '2021-01-15 19:34:48', 0),
	(135, '612-6203', '25-2409', 1, '2021-01-21 14:45:38', 1),
	(136, '25-2409', '612-6203', 0, '2021-01-21 14:45:38', 1),
	(137, '612-6203', '25-2409', 1, '2021-01-21 14:46:01', 1),
	(138, '25-2409', '612-6203', 0, '2021-01-21 14:46:01', 1),
	(139, '25-2409', '612-6203', 1, '2021-01-21 14:48:42', 0),
	(140, '612-6203', '25-2409', 0, '2021-01-21 14:48:42', 0),
	(141, '974-1819', '25-2409', 1, '2021-01-21 14:49:10', 1),
	(142, '25-2409', '974-1819', 0, '2021-01-21 14:49:10', 1),
	(143, '565-3751', '1', 1, '2021-01-23 20:05:01', 1),
	(144, '1', '565-3751', 0, '2021-01-23 20:05:01', 1),
	(145, '604-4515', '1', 1, '2021-01-24 14:12:57', 0),
	(146, '1', '604-4515', 0, '2021-01-24 14:12:57', 0),
	(147, '604-4515', '1', 1, '2021-01-24 14:13:05', 1),
	(148, '1', '604-4515', 0, '2021-01-24 14:13:05', 1);
/*!40000 ALTER TABLE `phone_calls` ENABLE KEYS */;

CREATE TABLE IF NOT EXISTS `phone_messages` (
  `id` int(11) NOT NULL AUTO_INCREMENT,
  `transmitter` varchar(10) NOT NULL,
  `receiver` varchar(10) NOT NULL,
  `message` varchar(255) NOT NULL DEFAULT '0',
  `time` timestamp NOT NULL DEFAULT current_timestamp(),
  `isRead` int(11) NOT NULL DEFAULT 0,
  `owner` int(11) NOT NULL DEFAULT 0,
  PRIMARY KEY (`id`)
) ENGINE=MyISAM AUTO_INCREMENT=281 DEFAULT CHARSET=utf8;

/*!40000 ALTER TABLE `phone_messages` DISABLE KEYS */;
/*!40000 ALTER TABLE `phone_messages` ENABLE KEYS */;

CREATE TABLE IF NOT EXISTS `phone_users_contacts` (
  `id` int(11) NOT NULL AUTO_INCREMENT,
  `number` varchar(10) CHARACTER SET utf8mb4 DEFAULT NULL,
  `display` varchar(64) CHARACTER SET utf8mb4 NOT NULL DEFAULT '-1',
  `rpuk_charid` int(11) DEFAULT NULL,
  `identifier` varchar(50) DEFAULT NULL,
  PRIMARY KEY (`id`),
  KEY `index_phone_users_contacts_rpuk_charid` (`rpuk_charid`)
) ENGINE=MyISAM AUTO_INCREMENT=13 DEFAULT CHARSET=utf8;

/*!40000 ALTER TABLE `phone_users_contacts` DISABLE KEYS */;
INSERT INTO `phone_users_contacts` (`id`, `number`, `display`, `rpuk_charid`, `identifier`) VALUES
	(8, '55', 'fafafa', 14, NULL),
	(9, '546456d dg', 'New Contact dgdgdg', 10, NULL),
	(10, '612-6203', 'Hawaii', 18, NULL),
	(11, '25-2409', 'algrte', 10, NULL);
/*!40000 ALTER TABLE `phone_users_contacts` ENABLE KEYS */;

CREATE TABLE IF NOT EXISTS `playerhousing` (
  `id` int(32) NOT NULL,
  `owner` varchar(50) DEFAULT NULL,
  `rented` tinyint(1) DEFAULT NULL,
  `price` int(32) DEFAULT NULL,
  `wardrobe` longtext DEFAULT NULL,
  PRIMARY KEY (`id`)
) ENGINE=InnoDB DEFAULT CHARSET=latin1;

/*!40000 ALTER TABLE `playerhousing` DISABLE KEYS */;
/*!40000 ALTER TABLE `playerhousing` ENABLE KEYS */;

CREATE TABLE IF NOT EXISTS `player_notes` (
  `id` int(11) NOT NULL AUTO_INCREMENT,
  `identifier` varchar(50) CHARACTER SET utf8mb4 NOT NULL COMMENT 'Steam identifier',
  `note` longtext CHARACTER SET utf8mb4 NOT NULL,
  `staff` varchar(50) CHARACTER SET utf8mb4 NOT NULL,
  `added` datetime NOT NULL,
  PRIMARY KEY (`id`)
) ENGINE=InnoDB AUTO_INCREMENT=25 DEFAULT CHARSET=latin1;

/*!40000 ALTER TABLE `player_notes` DISABLE KEYS */;
INSERT INTO `player_notes` (`id`, `identifier`, `note`, `staff`, `added`) VALUES
	(4, 'steam:11000010b743c8e', 'test', 'recon9 - (Panel)', '2020-08-01 11:42:38'),
	(5, 'steam:11000010b743c8e', 'test', 'recon9 - (Panel)', '2020-08-01 11:46:48'),
	(6, 'steam:110000100b9d46d', 'testing note', 'recon9 - (Panel)', '2020-08-01 11:49:31'),
	(7, 'steam:110000100b9d46d', 'test', 'recon9 - (Manual)', '2020-08-01 14:48:45'),
	(8, 'steam:11000010c11bbc4', 'test', 'recon9 - (Panel)', '2020-08-01 12:55:42'),
	(9, 'steam:11000010b743c8e', 'Bacon ipsum dolor amet kielbasa landjaeger drumstick, prosciutto frankfurter strip steak leberkas flank hamburger shankle cupim kevin doner. Prosciutto frankfurter sirloin salami burgdoggen short ribs. Pastrami tri-tip meatball, beef ribs filet mignon turducken salami sausage boudin hamburger pork loin tail buffalo t-bone. Pig filet mignon boudin pork chop hamburger t-bone frankfurter kielbasa porchetta, picanha tenderloin doner burgdoggen pork belly short ribs. Ham hock corned beef prosciutto venison shank kielbasa kevin turkey, strip steak filet mignon. Pork chop bacon alcatra corned beef burgdoggen pancetta, boudin porchetta brisket jerky short ribs tail fatback shoulder. Burgdoggen chicken ball tip, tenderloin ground round leberkas shank capicola andouille short ribs ribeye drumstick.\n\nSwine brisket spare ribs sausage, pastrami doner pork chop andouille porchetta meatloaf cupim salami flank. Jowl pork chop chuck rump shankle, turducken sausage ham filet mignon short loin corned beef flank cupim prosciutto. Frankfurter pancetta alcatra, cupim flank biltong shankle ham. Pork chop brisket tri-tip, chislic pork buffalo andouille ham pig pork loin prosciutto leberkas doner turkey picanha. Chicken boudin pork tenderloin biltong pancetta rump shoulder tri-tip swine strip steak sausage pig ribeye fatback. Salami sausage pork chop, pig meatloaf sirloin burgdoggen doner pancetta turducken leberkas. Flank leberkas shank, salami meatball beef picanha short ribs pork loin porchetta pork belly.', 'recon9 - (Panel)', '2020-08-01 13:01:43'),
	(10, 'steam:110000100b9d46d', 'test', 'recon9 - (Panel)', '2020-08-01 21:50:31'),
	(11, 'steam:11000010b743c8e', 'Wiped my fucking banlist', 'recon9 - (Panel)', '2020-08-01 23:03:19'),
	(12, 'steam:11000010b743c8e', 'testing note state updater', 'recon9 - (Panel)', '2020-08-01 23:09:18'),
	(13, 'steam:11000010b743c8e', 'test', 'recon9 - (Panel)', '2020-08-01 23:17:00'),
	(14, 'steam:11000010b743c8e', 'test2', 'recon9 - (Panel)', '2020-08-01 23:19:15'),
	(15, 'steam:110000100b9d46d', 'bought a fucking kia', 'recon9 - (Panel)', '2020-08-02 16:08:03'),
	(16, 'steam:11000010b743c8e', 'testing logging', 'recon9 - (Panel)', '2020-08-02 19:53:28'),
	(17, 'steam:11000010b743c8e', 'test', 'recon9 - (Panel2)', '2020-08-02 19:56:11'),
	(18, 'steam:110000100b9d46d', 'test', 'recon9 - (Panel)', '2020-08-03 18:51:51'),
	(19, 'steam:11000010b743c8e', 'test', 'recon9 - (Panel)', '2020-08-04 22:17:17'),
	(20, 'steam:110000100b9d46d', 'test', 'recon9 - (Panel)', '2020-08-07 23:51:59'),
	(21, 'steam:110000100b9d46d', 'test', 'recon9 - (Panel)', '2020-08-07 23:54:38'),
	(22, 'steam:11000010b743c8e', 'New note', 'stealthee - (Panel)', '2020-08-08 12:26:30'),
	(23, 'steam:1100001007083aa', '**Test Note**\n\nSeen him rdming someone, talked to him understanded what he has done wrong. \n', 'jefkev - (Panel)', '2020-08-08 12:47:02'),
	(24, 'steam:11000010b743c8e', 'testnote', 'recon9 - (Panel)', '2020-08-21 13:58:40');
/*!40000 ALTER TABLE `player_notes` ENABLE KEYS */;

CREATE TABLE IF NOT EXISTS `prison_sentences` (
  `identifier` varchar(50) NOT NULL,
  `arresting_officer` varchar(50) DEFAULT NULL,
  `time` int(11) DEFAULT NULL,
  `remaining_time` int(22) NOT NULL,
  `reason` varchar(50) DEFAULT NULL,
  `jailTime` int(11) DEFAULT NULL,
  `rpuk_charid` int(11) DEFAULT NULL,
  `status` text CHARACTER SET utf8 NOT NULL DEFAULT 'jail',
  PRIMARY KEY (`identifier`)
) ENGINE=InnoDB DEFAULT CHARSET=latin1;

/*!40000 ALTER TABLE `prison_sentences` DISABLE KEYS */;
INSERT INTO `prison_sentences` (`identifier`, `arresting_officer`, `time`, `remaining_time`, `reason`, `jailTime`, `rpuk_charid`, `status`) VALUES
	('steam:110000104ed291c', NULL, 55, 0, 'hhh', NULL, 1, '0');
/*!40000 ALTER TABLE `prison_sentences` ENABLE KEYS */;

CREATE TABLE IF NOT EXISTS `shops` (
  `id` int(11) NOT NULL AUTO_INCREMENT COMMENT 'Unique ID',
  `keeper` varchar(22) NOT NULL DEFAULT 'server' COMMENT 'Shopkeeper / Registered owner',
  `store` varchar(100) NOT NULL COMMENT 'The shop name',
  `item` varchar(100) NOT NULL COMMENT 'The item you are purchasing',
  `price` int(11) NOT NULL COMMENT 'The buy value',
  `sellprice` int(11) NOT NULL COMMENT 'The sell value',
  `trade` varchar(100) NOT NULL DEFAULT 'cash' COMMENT 'The trade item what you recieve from selling (Money, coal, stone, diamonds etc)',
  `trade_label` varchar(100) NOT NULL DEFAULT '£' COMMENT 'Label for shop item displays',
  `available` int(100) NOT NULL DEFAULT -1 COMMENT 'Available quantity',
  PRIMARY KEY (`id`)
) ENGINE=MyISAM AUTO_INCREMENT=208 DEFAULT CHARSET=latin1;

/*!40000 ALTER TABLE `shops` DISABLE KEYS */;
INSERT INTO `shops` (`id`, `keeper`, `store`, `item`, `price`, `sellprice`, `trade`, `trade_label`, `available`) VALUES
	(24, 'server', 'TwentyFourSeven', 'orange', 20, 10, 'cash', '£', -1),
	(22, 'server', 'LTDgasoline', 'apple', 8, 4, 'cash', '£', -1),
	(21, 'server', 'RobsLiquor', 'apple', 8, -1, 'cash', '£', -1),
	(20, 'server', 'TwentyFourSeven', 'apple', 8, 4, 'cash', '£', -1),
	(205, 'server', 'FishingShop', 'shark', 2000, 1500, 'cash', '£', -1),
	(204, 'server', 'FishingShop', 'turtlebait', 100, 50, 'cash', '£', -1),
	(13, 'server', 'LTDgasoline', 'washkit', 50, 25, 'cash', '£', -1),
	(11, 'server', 'RobsLiquor', 'washkit', 50, 25, 'cash', '£', -1),
	(10, 'server', 'RobsLiquor', 'repairkit', 100, 50, 'cash', '£', -1),
	(12, 'server', 'LTDgasoline', 'repairkit', 100, 50, 'cash', '£', -1),
	(8, 'server', 'TwentyFourSeven', 'washkit', 50, 25, 'cash', '£', -1),
	(7, 'server', 'TwentyFourSeven', 'repairkit', 100, 50, 'cash', '£', -1),
	(5, 'server', 'LTDgasoline', 'bread', 10, 5, 'cash', '£', -1),
	(34, 'server', 'LTDgasoline', 'water', 25, 12, 'cash', '£', -1),
	(3, 'server', 'RobsLiquor', 'bread', 10, 5, 'cash', '£', -1),
	(1, 'server', 'TwentyFourSeven', 'bread', 10, 5, 'cash', '£', -1),
	(25, 'server', 'RobsLiquor', 'orange', 20, 10, 'cash', '£', -1),
	(26, 'server', 'LTDgasoline', 'orange', 20, 10, 'cash', '£', -1),
	(35, 'server', 'RobsLiquor', 'water', 25, 12, 'cash', '£', -1),
	(36, 'server', 'TwentyFourSeven', 'water', 25, 12, 'cash', '£', -1),
	(37, 'server', 'CasinoTokens', 'casino_playtoken', 100, -1, 'cash', '£', -1),
	(38, 'server', 'CasinoTokens', 'casino_blackjack_chip', 1, 1, 'cash', '£', -1),
	(40, 'server', 'NightClub', 'wine', 50, -1, 'cash', '£', -1),
	(41, 'server', 'NightClub', 'beer', 50, -1, 'cash', '£', -1),
	(42, 'server', 'NightClub', 'vodka', 50, -1, 'cash', '£', -1),
	(43, 'server', 'NightClub', 'tequila', 50, -1, 'cash', '£', -1),
	(44, 'server', 'NightClub', 'whisky', 50, -1, 'cash', '£', -1),
	(45, 'server', 'NightClub', 'redgull', 50, -1, 'cash', '£', -1),
	(46, 'server', 'NightClub', 'vladickas', 50, -1, 'cash', '£', -1),
	(48, 'server', 'TwentyFourSeven', 'bandage', 25, 12, 'cash', '£', -1),
	(49, 'server', 'BlackMarket', 'casino_blackjack_chip', 2, -1, 'blackmoney', '£', -1),
	(50, 'server', 'BlackMarket', 'cocaine', 150, -1, 'blackmoney', '£', -1),
	(148, 'server', 'TBJewellers', 'gold', -1, 85, 'cash', '£', -1),
	(153, 'server', 'NHSDesk', 'orange', 100, 25, 'cash', '£', -1),
	(149, 'steam:11000010b743c8e', 'PlayerShop_04', 'blackberry', 50, -1, 'cash', '£', 2),
	(144, 'server', 'BloodDeliv', 'blood_bag_delivery', -1, 100, 'cash', '£', -1),
	(152, 'server', 'NHSDesk', 'washkit', 150, 25, 'cash', '£', -1),
	(151, 'server', 'NHSDesk', 'water', 20, 10, 'cash', '£', -1),
	(83, 'server', 'DrugDealer01', 'cocaine', 175, 125, 'blackmoney', '£', -1),
	(84, 'server', 'DrugDealer01', 'marijuana', 125, 98, 'blackmoney', '£', -1),
	(85, 'server', 'DrugDealer01', 'meth', 180, 145, 'blackmoney', '£', -1),
	(86, 'server', 'DrugDealer02', 'cocaine', 175, 125, 'blackmoney', '£', -1),
	(87, 'server', 'DrugDealer02', 'marijuana', 125, 98, 'blackmoney', '£', -1),
	(88, 'server', 'DrugDealer02', 'meth', 180, 145, 'blackmoney', '£', -1),
	(89, 'server', 'DrugDealer02', 'pseudoephedrine', 50, -1, 'cash', '(Clean) £', -1),
	(90, 'server', 'TwentyFourSeven', 'orange', 20, 10, 'cash', '£', -1),
	(91, 'server', 'LTDgasoline', 'apple', 8, 4, 'cash', '£', -1),
	(92, 'server', 'RobsLiquor', 'apple', 8, -1, 'cash', '£', -1),
	(93, 'server', 'TwentyFourSeven', 'apple', 8, 4, 'cash', '£', -1),
	(203, 'server', 'FishingShop', 'fishbait', 50, 25, 'cash', '£', -1),
	(202, 'server', 'FishingShop', 'fish', 300, 160, 'cash', '£', -1),
	(201, 'server', 'FishingShop', 'fishingrod', 50, 25, 'cash', '£', -1),
	(98, 'server', 'LTDgasoline', 'washkit', 50, 25, 'cash', '£', -1),
	(99, 'server', 'RobsLiquor', 'washkit', 50, 25, 'cash', '£', -1),
	(100, 'server', 'RobsLiquor', 'repairkit', 100, 50, 'cash', '£', -1),
	(101, 'server', 'LTDgasoline', 'repairkit', 100, 50, 'cash', '£', -1),
	(102, 'server', 'TwentyFourSeven', 'washkit', 50, 25, 'cash', '£', -1),
	(103, 'server', 'TwentyFourSeven', 'repairkit', 100, 50, 'cash', '£', -1),
	(200, 'server', 'FishingShop', 'turtle', 1000, 750, 'cash', '£', -1),
	(105, 'server', 'LTDgasoline', 'bread', 10, 5, 'cash', '£', -1),
	(106, 'server', 'LTDgasoline', 'water', 25, 12, 'cash', '£', -1),
	(107, 'server', 'RobsLiquor', 'bread', 10, 5, 'cash', '£', -1),
	(108, 'server', 'TwentyFourSeven', 'bread', 10, 5, 'cash', '£', -1),
	(109, 'server', 'RobsLiquor', 'orange', 20, 10, 'cash', '£', -1),
	(110, 'server', 'LTDgasoline', 'orange', 20, 10, 'cash', '£', -1),
	(111, 'server', 'RobsLiquor', 'water', 25, 12, 'cash', '£', -1),
	(112, 'server', 'TwentyFourSeven', 'water', 25, 12, 'cash', '£', -1),
	(113, 'server', 'CasinoTokens', 'casino_playtoken', 100, -1, 'cash', '£', -1),
	(114, 'server', 'CasinoTokens', 'casino_blackjack_chip', 1, 1, 'cash', '£', -1),
	(115, 'server', 'NightClub', 'wine', 50, -1, 'cash', '£', -1),
	(116, 'server', 'NightClub', 'beer', 50, -1, 'cash', '£', -1),
	(117, 'server', 'NightClub', 'vodka', 50, -1, 'cash', '£', -1),
	(118, 'server', 'NightClub', 'tequila', 50, -1, 'cash', '£', -1),
	(119, 'server', 'NightClub', 'whisky', 50, -1, 'cash', '£', -1),
	(120, 'server', 'NightClub', 'redgull', 50, -1, 'cash', '£', -1),
	(121, 'server', 'NightClub', 'vladickas', 50, -1, 'cash', '£', -1),
	(122, 'server', 'TwentyFourSeven', 'bandage', 25, 12, 'cash', '£', -1),
	(123, 'server', 'BlackMarket', 'casino_blackjack_chip', 2, -1, 'blackmoney', '£', -1),
	(124, 'server', 'BlackMarket', 'cocaine', 150, -1, 'blackmoney', '£', -1),
	(150, 'server', 'NHSDesk', 'bandage', 100, 25, 'cash', '£', -1),
	(146, 'server', 'TBJewellers', 'diamond', -1, 130, 'cash', '£', -1),
	(128, 'server', 'RobsLiquor', 'bread', 1, -1, 'diamond', 'Diamond', -1),
	(147, 'server', 'TBJewellers', 'iron', -1, 65, 'cash', '£', -1),
	(196, 'steam:110000104ed291c', 'PlayerShop_03', 'radio', 5, -1, 'cash', '£', 0),
	(131, 'server', 'DrugDealer01', 'cocaine', 175, 125, 'blackmoney', '£', -1),
	(132, 'server', 'DrugDealer01', 'marijuana', 125, 98, 'blackmoney', '£', -1),
	(133, 'server', 'DrugDealer01', 'meth', 180, 145, 'blackmoney', '£', -1),
	(134, 'server', 'DrugDealer02', 'cocaine', 175, 125, 'blackmoney', '£', -1),
	(135, 'server', 'DrugDealer02', 'marijuana', 125, 98, 'blackmoney', '£', -1),
	(136, 'server', 'DrugDealer02', 'meth', 180, 145, 'blackmoney', '£', -1),
	(137, 'server', 'DrugDealer02', 'pseudoephedrine', 50, -1, 'cash', '(Clean) £', -1),
	(192, 'server', 'RobsLiquor', 'blank_usb', 500, -1, 'cash', '£', -1),
	(191, 'server', 'RobsLiquor', 'lockpick', 650, -1, 'cash', '£', -1),
	(190, 'server', 'TwentyFourSeven', 'blank_usb', 500, -1, 'cash', '£', -1),
	(189, 'server', 'TwentyFourSeven', 'lockpick', 650, -1, 'cash', '£', -1),
	(188, 'server', 'CasinoBar', 'vladickas', 50, -1, 'cash', '£', -1),
	(187, 'server', 'CasinoBar', 'redgull', 50, -1, 'cash', '£', -1),
	(186, 'server', 'CasinoBar', 'whisky', 50, -1, 'cash', '£', -1),
	(185, 'server', 'CasinoBar', 'tequila', 50, -1, 'cash', '£', -1),
	(184, 'server', 'CasinoBar', 'vodka', 50, -1, 'cash', '£', -1),
	(183, 'server', 'CasinoBar', 'beer', 50, -1, 'cash', '£', -1),
	(182, 'server', 'CasinoBar', 'wine', 50, -1, 'cash', '£', -1),
	(193, 'server', 'LTDgasoline', 'lockpick', 650, -1, 'cash', '£', -1),
	(194, 'server', 'LTDgasoline', 'blank_usb', 500, -1, 'cash', '£', -1);
/*!40000 ALTER TABLE `shops` ENABLE KEYS */;

CREATE TABLE IF NOT EXISTS `shops_owned` (
  `id` int(11) NOT NULL AUTO_INCREMENT COMMENT 'Unique ID',
  `shop` varchar(100) NOT NULL COMMENT 'Shop name - Keep them unique',
  `status` varchar(100) NOT NULL,
  `shopPrice` int(11) NOT NULL DEFAULT 0,
  `workers` longtext NOT NULL DEFAULT '0',
  `bank` int(22) DEFAULT 0 COMMENT 'The company bank account',
  `keeper` varchar(22) NOT NULL DEFAULT 'none' COMMENT 'Shopkeeper / Registered owner',
  `shop_type` varchar(50) NOT NULL COMMENT 'The type of shop, grocery, vehicle etc',
  `display` longtext DEFAULT '{}' COMMENT 'Prop displays as purchased',
  `upgrades` longtext DEFAULT '{}' COMMENT 'Upgrades',
  PRIMARY KEY (`id`)
) ENGINE=InnoDB AUTO_INCREMENT=11 DEFAULT CHARSET=utf8mb4;

/*!40000 ALTER TABLE `shops_owned` DISABLE KEYS */;
INSERT INTO `shops_owned` (`id`, `shop`, `status`, `shopPrice`, `workers`, `bank`, `keeper`, `shop_type`, `display`, `upgrades`) VALUES
	(1, 'AdminShop', 'open', 1, '{}', 0, 'none', 'market', '{}', '{}'),
	(2, 'PlayerShop_00', 'open', 1, '{}', 10011, 'steam:110000104ed291c', 'market', '{}', '{}'),
	(3, 'PlayerShop_01', 'open', 1, '{}', 6001784, 'none', 'market', '{}', '{}'),
	(4, 'PlayerShop_02', 'open', 1, '{}', 9924, 'steam:11000010b743c8e', 'market', '{}', '{}'),
	(5, 'PlayerShop_03', 'open', 1, '["steam:110000104ed291c"]', 10, 'steam:110000104ed291c', 'market', '{}', '{}'),
	(6, 'mosleys', 'open', 2, '{}', 11110, 'steam:11000010b743c8e', 'vehicle', '{}', '{}'),
	(7, 'autocare', 'open', 2, '{}', 11120, 'steam:1100001054f72bc', 'vehicle', '{}', '{}'),
	(8, 'beekers', 'open', 3, '{}', 103, 'steam:110000113f525f7', 'vehicle', '{}', '{}'),
	(9, 'PlayerShop_04', 'open', 3, '{}', 10000, 'none', 'market', '{}', '{}'),
	(10, 'scrapyard', 'open', 3, '{}', 0, 'steam:11000010b743c8e', 'vehicle', '{}', '{}');
/*!40000 ALTER TABLE `shops_owned` ENABLE KEYS */;

CREATE TABLE IF NOT EXISTS `shop_orders` (
  `id` int(11) NOT NULL AUTO_INCREMENT COMMENT 'Unique ID',
  `keeper` varchar(22) NOT NULL DEFAULT 'server' COMMENT 'Shopkeeper / Registered owner',
  `order_type` varchar(22) NOT NULL COMMENT 'Type of order',
  `shop` varchar(100) NOT NULL COMMENT 'Shop origin of the order',
  `product` varchar(100) NOT NULL COMMENT 'The item being ordered',
  `quantity` int(100) NOT NULL COMMENT 'Available quantity',
  `payment` int(100) NOT NULL COMMENT 'Agreed payment',
  `created` datetime DEFAULT current_timestamp() COMMENT 'Time of order creation',
  `status` varchar(22) NOT NULL DEFAULT 'placed' COMMENT 'Status of the order',
  PRIMARY KEY (`id`)
) ENGINE=InnoDB AUTO_INCREMENT=90 DEFAULT CHARSET=utf8mb4;

/*!40000 ALTER TABLE `shop_orders` DISABLE KEYS */;
INSERT INTO `shop_orders` (`id`, `keeper`, `order_type`, `shop`, `product`, `quantity`, `payment`, `created`, `status`) VALUES
	(1, 'steam:11000010b743c8e', '', 'PlayerShop_01', 'apple', 1, 100, '2020-04-24 23:38:10', 'complete'),
	(2, 'steam:11000010b743c8e', '', 'PlayerShop_01', 'MASK_PIG', 1, 1, '2020-05-01 23:34:34', 'cancelled'),
	(3, 'steam:11000010b743c8e', '', 'PlayerShop_01', 'bandage', 1, 1, '2020-05-04 00:39:55', 'cancelled'),
	(4, 'steam:11000010b743c8e', '', 'PlayerShop_01', 'bread', 1, 1, '2020-05-04 00:40:24', 'placed'),
	(5, 'steam:11000010b743c8e', '', 'PlayerShop_01', 'cannabis', 11, 11, '2020-05-04 00:40:56', 'cancelled'),
	(6, 'steam:11000010b743c8e', 'raw', 'PlayerShop_01', 'apple', 1, 15, '2020-05-04 01:37:16', 'cancelled'),
	(7, 'steam:11000010b743c8e', 'raw', 'PlayerShop_01', 'bread', 2, 30, '2020-05-04 01:38:44', 'placed'),
	(8, 'steam:11000010b743c8e', 'raw', 'PlayerShop_01', 'cannabis', 1, 1, '2020-05-05 00:31:46', 'placed'),
	(9, 'steam:11000010b743c8e', 'raw', 'PlayerShop_01', 'cannabis', 1, 1, '2020-05-05 00:31:46', 'complete'),
	(10, 'steam:11000010b743c8e', 'raw', 'PlayerShop_01', 'cannabis', 1, 1, '2020-05-05 00:31:46', 'placed'),
	(11, 'steam:11000010b743c8e', 'raw', 'PlayerShop_01', 'cannabis', 1, 1, '2020-05-05 00:31:46', 'placed'),
	(12, 'steam:11000010b743c8e', 'raw', 'PlayerShop_01', 'cannabis', 1, 1, '2020-05-05 00:31:46', 'placed'),
	(13, 'steam:11000010b743c8e', 'raw', 'PlayerShop_01', 'cannabis', 1, 1, '2020-05-05 00:31:46', 'placed'),
	(14, 'steam:11000010b743c8e', 'raw', 'PlayerShop_01', 'cannabis', 1, 1, '2020-05-05 00:31:46', 'placed'),
	(15, 'steam:11000010b743c8e', 'raw', 'PlayerShop_01', 'cannabis', 1, 1, '2020-05-05 00:31:47', 'placed'),
	(16, 'steam:11000010b743c8e', 'raw', 'PlayerShop_01', 'cannabis', 1, 1, '2020-05-05 00:31:47', 'complete'),
	(17, 'steam:11000010b743c8e', 'raw', 'PlayerShop_01', 'cannabis', 1, 1, '2020-05-05 00:31:47', 'placed'),
	(18, 'steam:11000010b743c8e', 'raw', 'PlayerShop_01', 'cannabis', 1, 1, '2020-05-05 00:31:47', 'placed'),
	(19, 'steam:11000010b743c8e', 'raw', 'PlayerShop_01', 'cannabis', 1, 1, '2020-05-05 00:31:47', 'complete'),
	(20, 'steam:11000010b743c8e', 'raw', 'PlayerShop_01', 'bread', 5, 5, '2020-05-05 00:31:55', 'placed'),
	(21, 'steam:11000010b743c8e', 'raw', 'PlayerShop_01', 'bread', 5, 5, '2020-05-05 00:31:56', 'placed'),
	(22, 'steam:11000010b743c8e', 'raw', 'PlayerShop_01', 'bread', 5, 5, '2020-05-05 00:31:56', 'placed'),
	(23, 'steam:11000010b743c8e', 'raw', 'PlayerShop_01', 'bread', 5, 5, '2020-05-05 00:31:56', 'placed'),
	(24, 'steam:11000010b743c8e', 'raw', 'PlayerShop_01', 'bread', 5, 5, '2020-05-05 00:31:56', 'complete'),
	(25, 'steam:11000010b743c8e', 'raw', 'PlayerShop_01', 'bread', 5, 5, '2020-05-05 00:31:56', 'placed'),
	(26, 'steam:11000010b743c8e', 'raw', 'PlayerShop_01', 'bread', 5, 5, '2020-05-05 00:31:57', 'complete'),
	(27, 'steam:11000010b743c8e', 'raw', 'PlayerShop_01', 'bread', 5, 5, '2020-05-05 00:31:57', 'placed'),
	(28, 'steam:11000010b743c8e', 'raw', 'PlayerShop_01', 'bread', 5, 5, '2020-05-05 00:31:57', 'placed'),
	(29, 'steam:11000010b743c8e', 'raw', 'PlayerShop_01', 'bread', 5, 5, '2020-05-05 00:31:57', 'delivered'),
	(30, 'steam:11000010b743c8e', 'raw', 'PlayerShop_01', 'bread', 5, 5, '2020-05-05 00:31:58', 'placed'),
	(31, 'steam:11000010b743c8e', 'raw', 'PlayerShop_01', 'bread', 20, 20, '2020-05-05 00:32:19', 'delivered'),
	(32, 'steam:11000010b743c8e', 'raw', 'PlayerShop_04', 'bread', 20, 20, '2020-05-05 00:32:19', 'complete'),
	(33, 'steam:11000010b743c8e', 'raw', 'PlayerShop_01', 'bread', 20, 20, '2020-05-05 00:32:19', 'delivered'),
	(34, 'steam:11000010b743c8e', 'raw', 'PlayerShop_01', 'bread', 20, 20, '2020-05-05 00:32:19', 'delivered'),
	(35, 'steam:11000010b743c8e', 'raw', 'PlayerShop_01', 'bread', 20, 20, '2020-05-05 00:32:19', 'complete'),
	(36, 'steam:11000010b743c8e', 'raw', 'PlayerShop_02', 'apple', 1, 1, '2020-05-05 02:46:41', 'placed'),
	(37, 'steam:11000010b743c8e', 'vehicle', 'mosleys', 'buccaneer', 1, 18000, '2020-05-05 02:48:12', 'complete'),
	(38, 'steam:11000010b743c8e', 'raw', 'PlayerShop_01', 'bandage', 1, 1, '2020-05-05 02:48:38', 'placed'),
	(39, 'steam:11000010b743c8e', 'vehicle', 'mosleys', 'blade', 1, 15000, '2020-05-05 02:48:48', 'complete'),
	(40, 'steam:11000010b743c8e', 'vehicle', 'mosleys', 'blade', 1, 15000, '2020-05-05 02:49:09', 'complete'),
	(41, 'steam:11000010b743c8e', 'vehicle', 'mosleys', 'blade', 1, 15000, '2020-05-05 02:50:15', 'complete'),
	(42, 'steam:11000010b743c8e', 'raw', 'PlayerShop_02', 'apple', 1, 1, '2020-05-05 04:05:44', 'placed'),
	(43, 'steam:11000010b743c8e', 'raw', 'PlayerShop_01', 'apple', 1, 1, '2020-05-06 01:30:54', 'cancelled'),
	(44, 'steam:11000010b743c8e', 'raw', 'PlayerShop_01', 'apple', 1, 1, '2020-05-06 01:30:55', 'placed'),
	(45, 'steam:11000010b743c8e', 'raw', 'PlayerShop_01', 'apple', 1, 1, '2020-05-06 01:30:55', 'placed'),
	(46, 'steam:11000010b743c8e', 'raw', 'PlayerShop_01', 'ore_gold', 1, 1, '2020-05-06 01:30:56', 'placed'),
	(47, 'steam:11000010b743c8e', 'raw', 'PlayerShop_01', 'ore_gold', 1, 1, '2020-05-06 01:30:56', 'placed'),
	(48, 'steam:11000010b743c8e', 'raw', 'PlayerShop_01', 'ore_gold', 1, 1, '2020-05-06 01:30:56', 'placed'),
	(49, 'steam:11000010b743c8e', 'raw', 'PlayerShop_01', 'ore_gold', 1, 1, '2020-05-06 01:30:56', 'placed'),
	(50, 'steam:11000010b743c8e', 'raw', 'PlayerShop_01', 'ore_gold', 1, 1, '2020-05-06 01:30:57', 'placed'),
	(51, 'steam:11000010b743c8e', 'raw', 'PlayerShop_01', 'MASK_WOLF', 1, 1, '2020-05-06 01:30:57', 'placed'),
	(52, 'steam:11000010b743c8e', 'raw', 'PlayerShop_01', 'MASK_WOLF', 1, 1, '2020-05-06 01:30:57', 'placed'),
	(53, 'steam:11000010b743c8e', 'raw', 'PlayerShop_01', 'MASK_WOLF', 1, 1, '2020-05-06 01:30:58', 'placed'),
	(54, 'steam:11000010b743c8e', 'raw', 'PlayerShop_01', 'MASK_WOLF', 1, 1, '2020-05-06 01:30:58', 'placed'),
	(55, 'steam:11000010b743c8e', 'raw', 'PlayerShop_01', 'MASK_COOKIE', 1, 1, '2020-05-06 01:30:59', 'placed'),
	(56, 'steam:11000010b743c8e', 'raw', 'PlayerShop_01', 'MASK_COOKIE', 1, 1, '2020-05-06 01:30:59', 'placed'),
	(57, 'steam:11000010b743c8e', 'vehicle', 'autocare', 'buccaneer', 1, 3650, '2020-05-09 01:38:12', 'delivered'),
	(58, 'steam:11000010b743c8e', 'vehicle', 'autocare', 'faggio', 1, 3650, '2020-05-09 02:24:18', 'cancelled'),
	(59, 'steam:11000010626fec7', 'vehicle', 'autocare', 'tornado4', 1, 3650, '2020-05-10 11:55:26', 'complete'),
	(60, 'steam:11000010b743c8e', 'vehicle', 'beekers', 'blade', 1, 3650, '2020-05-11 14:44:42', 'complete'),
	(61, 'steam:11000010b743c8e', 'raw', 'PlayerShop_02', 'orange', 100, 10000, '2020-05-18 22:51:42', 'delivered'),
	(62, 'steam:11000010b743c8e', 'vehicle', 'scrapyard', 'mobilscoot', 1, 3650, '2020-08-09 13:23:33', 'delivered'),
	(63, 'steam:11000010b743c8e', 'vehicle', 'scrapyard', 'sentinel2', 1, 3650, '2020-08-10 17:14:50', 'delivered'),
	(64, 'steam:11000010b743c8e', 'vehicle', 'scrapyard', 'dominator', 1, 3650, '2020-08-10 17:14:53', 'delivered'),
	(65, 'steam:11000010b743c8e', 'vehicle', 'scrapyard', 'sultanrs', 1, 3650, '2020-08-10 17:15:01', 'delivered'),
	(66, 'steam:110000113f525f7', 'vehicle', 'beekers', 'rmodx6', 1, 3650, '2020-08-21 18:46:22', 'complete'),
	(67, 'steam:110000104ed291c', 'raw', 'PlayerShop_00', 'cannabis', 5, 25, '2020-12-14 13:20:08', 'cancelled'),
	(68, 'steam:110000104ed291c', 'raw', 'PlayerShop_00', 'bread', 5, 25, '2020-12-14 13:58:04', 'cancelled'),
	(69, 'steam:110000104ed291c', 'raw', 'PlayerShop_00', 'bread', 5, 25, '2020-12-14 14:00:29', 'cancelled'),
	(70, 'steam:110000104ed291c', 'manufactured', 'PlayerShop_00', 'wine', 55, 3025, '2020-12-14 14:02:21', 'cancelled'),
	(71, 'steam:110000104ed291c', 'raw', 'PlayerShop_00', 'cannabis', 1, 1, '2020-12-14 14:12:48', 'cancelled'),
	(72, 'steam:110000104ed291c', 'raw', 'PlayerShop_00', 'iron', 5, 25, '2020-12-14 15:30:25', 'cancelled'),
	(73, 'steam:110000104ed291c', 'manufactured', 'PlayerShop_00', 'bandage', 55, 3025, '2020-12-14 15:36:26', 'cancelled'),
	(74, 'steam:110000104ed291c', 'manufactured', 'PlayerShop_00', 'beer', 55, 3025, '2020-12-14 15:36:27', 'cancelled'),
	(75, 'steam:110000104ed291c', 'manufactured', 'PlayerShop_00', 'blackberry', 55, 3025, '2020-12-14 15:36:28', 'cancelled'),
	(76, 'steam:110000104ed291c', 'manufactured', 'PlayerShop_00', 'blackberry', 55, 3025, '2020-12-14 15:36:31', 'cancelled'),
	(77, 'steam:110000104ed291c', 'manufactured', 'PlayerShop_00', 'MASK_BULL', 55, 3025, '2020-12-14 15:36:35', 'cancelled'),
	(78, 'steam:110000104ed291c', 'manufactured', 'PlayerShop_00', 'MASK_COOKIE', 55, 3025, '2020-12-14 15:36:36', 'cancelled'),
	(79, 'steam:110000104ed291c', 'manufactured', 'PlayerShop_00', 'blackberry', 55, 3025, '2020-12-14 15:36:38', 'cancelled'),
	(80, 'steam:110000104ed291c', 'manufactured', 'PlayerShop_00', 'bandage', 55, 3025, '2020-12-14 15:36:40', 'cancelled'),
	(81, 'steam:110000104ed291c', 'raw', 'PlayerShop_00', 'bread', 55, 3025, '2020-12-14 15:36:42', 'cancelled'),
	(82, 'steam:110000104ed291c', 'raw', 'PlayerShop_00', 'marijuana', 55, 3025, '2020-12-14 15:36:43', 'cancelled'),
	(83, 'steam:110000104ed291c', 'raw', 'PlayerShop_00', 'orange', 55, 3025, '2020-12-14 15:36:44', 'cancelled'),
	(84, 'steam:110000104ed291a', 'raw', 'PlayerShop_01', 'orange', 55, 3025, '2020-12-14 15:36:44', 'placed'),
	(85, 'steam:110000104ed291c', 'raw', 'PlayerShop_03', 'cannabis', 5, 25, '2020-12-17 20:50:01', 'cancelled'),
	(86, 'steam:110000104ed291c', 'raw', 'PlayerShop_03', 'cutted_wood', 5, 25, '2020-12-17 20:50:03', 'cancelled'),
	(87, 'steam:110000104ed291c', 'raw', 'PlayerShop_03', 'phone', 5, 25, '2020-12-17 20:50:09', 'cancelled'),
	(88, 'steam:110000104ed291c', 'raw', 'PlayerShop_00', 'phone', 5, 25, '2020-12-19 00:37:03', 'cancelled'),
	(89, 'steam:110000104ed291c', 'raw', 'PlayerShop_00', 'orange', 1, 1, '2021-01-06 23:52:57', 'placed');
/*!40000 ALTER TABLE `shop_orders` ENABLE KEYS */;

CREATE TABLE IF NOT EXISTS `society_moneywash` (
  `id` int(11) NOT NULL AUTO_INCREMENT,
  `identifier` varchar(60) NOT NULL,
  `society` varchar(60) NOT NULL,
  `amount` int(11) NOT NULL,
  PRIMARY KEY (`id`)
) ENGINE=InnoDB DEFAULT CHARSET=latin1;

/*!40000 ALTER TABLE `society_moneywash` DISABLE KEYS */;
/*!40000 ALTER TABLE `society_moneywash` ENABLE KEYS */;

CREATE TABLE IF NOT EXISTS `trunk_inventory` (
  `id` int(11) NOT NULL AUTO_INCREMENT,
  `plate` varchar(8) NOT NULL,
  `data` text NOT NULL,
  `owned` int(11) NOT NULL,
  PRIMARY KEY (`id`),
  UNIQUE KEY `plate` (`plate`)
) ENGINE=InnoDB AUTO_INCREMENT=39 DEFAULT CHARSET=latin1;

/*!40000 ALTER TABLE `trunk_inventory` DISABLE KEYS */;
INSERT INTO `trunk_inventory` (`id`, `plate`, `data`, `owned`) VALUES
	(2, 'GOAM 224', '{"coffre":[{"name":"bread","count":4}],"accounts":{"money":1,"black_money":1},"black_money":[{"amount":5}]}', 1),
	(35, 'LJHO 173', '{}', 1),
	(36, 'BAAQ 952', '{}', 1),
	(37, 'OTCG 797', '{}', 1),
	(38, 'PBJW 708', '{}', 1);
/*!40000 ALTER TABLE `trunk_inventory` ENABLE KEYS */;

CREATE TABLE IF NOT EXISTS `twitter_accounts` (
  `id` int(11) NOT NULL AUTO_INCREMENT,
  `username` varchar(50) CHARACTER SET utf8 NOT NULL DEFAULT '0',
  `password` varchar(50) COLLATE utf8mb4_bin NOT NULL DEFAULT '0',
  `avatar_url` varchar(255) COLLATE utf8mb4_bin DEFAULT NULL,
  `verified` tinyint(1) NOT NULL DEFAULT 0,
  `identifier` varchar(50) COLLATE utf8mb4_bin DEFAULT NULL,
  PRIMARY KEY (`id`),
  UNIQUE KEY `username` (`username`)
) ENGINE=InnoDB AUTO_INCREMENT=49 DEFAULT CHARSET=utf8mb4 COLLATE=utf8mb4_bin;

/*!40000 ALTER TABLE `twitter_accounts` DISABLE KEYS */;
INSERT INTO `twitter_accounts` (`id`, `username`, `password`, `avatar_url`, `verified`, `identifier`) VALUES
	(38, 'Stealthee', 'Testing123', NULL, 1, 'steam:11000010b743c8e'),
	(39, 'Stealthee\'s Alias', 'Test123', NULL, 0, 'steam:11000010b743c8e'),
	(40, '✔✔✔✔✔', 'asdasd', NULL, 0, 'steam:11000010b743c8e'),
	(41, 'Hawaii', 'Hawaii', NULL, 0, NULL),
	(42, 'Hawaii2', 'Hahah', NULL, 0, 'steam:110000104ed291c'),
	(43, 'hello', 'erikerik', 'https://i.imgur.com/', 0, 'steam:1100001054f72bc'),
	(45, 'hawaii_beach', 'hawaii_beach', 'https://upload.wikimedia.org/wikipedia/commons/c/c7/A_cursiva.gif', 0, 'steam:110000104ed291c'),
	(46, '123456', '123456', NULL, 0, 'steam:110000104ed291c'),
	(47, 'asdasd', '123456', NULL, 0, 'steam:1100001080181c7'),
	(48, 'hawaiii', 'hawaiii', NULL, 0, 'steam:110000104ed291c');
/*!40000 ALTER TABLE `twitter_accounts` ENABLE KEYS */;

CREATE TABLE IF NOT EXISTS `twitter_likes` (
  `id` int(11) NOT NULL AUTO_INCREMENT,
  `authorId` int(11) DEFAULT NULL,
  `tweetId` int(11) DEFAULT NULL,
  PRIMARY KEY (`id`),
  KEY `FK_twitter_likes_twitter_accounts` (`authorId`),
  KEY `FK_twitter_likes_twitter_tweets` (`tweetId`),
  CONSTRAINT `FK_twitter_likes_twitter_accounts` FOREIGN KEY (`authorId`) REFERENCES `twitter_accounts` (`id`),
  CONSTRAINT `FK_twitter_likes_twitter_tweets` FOREIGN KEY (`tweetId`) REFERENCES `twitter_tweets` (`id`) ON DELETE CASCADE
) ENGINE=InnoDB AUTO_INCREMENT=149 DEFAULT CHARSET=utf8mb4 COLLATE=utf8mb4_bin;

/*!40000 ALTER TABLE `twitter_likes` DISABLE KEYS */;
INSERT INTO `twitter_likes` (`id`, `authorId`, `tweetId`) VALUES
	(140, 48, 210),
	(141, 48, 209),
	(142, 48, 208),
	(143, 48, 214),
	(144, 48, 213),
	(145, 48, 212),
	(146, 48, 211),
	(148, 48, 217);
/*!40000 ALTER TABLE `twitter_likes` ENABLE KEYS */;

CREATE TABLE IF NOT EXISTS `twitter_tweets` (
  `id` int(11) NOT NULL AUTO_INCREMENT,
  `authorId` int(11) NOT NULL,
  `realUser` varchar(50) COLLATE utf8mb4_unicode_ci DEFAULT NULL,
  `message` varchar(256) COLLATE utf8mb4_unicode_ci NOT NULL,
  `time` timestamp NOT NULL DEFAULT current_timestamp(),
  `likes` int(11) NOT NULL DEFAULT 0,
  `rpuk_charid` int(11) DEFAULT NULL,
  PRIMARY KEY (`id`),
  KEY `FK_twitter_tweets_twitter_accounts` (`authorId`),
  CONSTRAINT `FK_twitter_tweets_twitter_accounts` FOREIGN KEY (`authorId`) REFERENCES `twitter_accounts` (`id`)
) ENGINE=InnoDB AUTO_INCREMENT=228 DEFAULT CHARSET=utf8mb4 COLLATE=utf8mb4_unicode_ci;

/*!40000 ALTER TABLE `twitter_tweets` DISABLE KEYS */;
INSERT INTO `twitter_tweets` (`id`, `authorId`, `realUser`, `message`, `time`, `likes`, `rpuk_charid`) VALUES
	(197, 46, 'steam:110000104ed291c', 'https://i1.wp.com/cynthiafrenette.com/wp-content/uploads/2019/12/dancing-birdie-smaller.gif', '2021-01-21 14:52:07', 0, 19),
	(198, 46, 'steam:110000104ed291c', 'fafafa', '2021-01-21 14:52:21', 0, 19),
	(199, 46, 'steam:110000104ed291c', 'fafafa', '2021-01-21 14:52:22', 0, 19),
	(200, 46, 'steam:110000104ed291c', 'fafaf', '2021-01-21 14:52:23', 0, 19),
	(201, 46, 'steam:110000104ed291c', 'https://i1.wp.com/cynthiafrenette.com/wp-content/uploads/2019/12/dancing-birdie-smaller.gif', '2021-01-21 14:57:16', 0, 19),
	(202, 47, 'steam:1100001080181c7', 'https://i1.wp.com/cynthiafrenette.com/wp-content/uploads/2019/12/dancing-birdie-smaller.gif', '2021-01-21 14:57:54', 0, 18),
	(203, 47, 'steam:1100001080181c7', 'https://i.gyazo.com/86324aa11d4c8769633bf48538a5b30f.png', '2021-01-21 14:58:02', 0, 18),
	(204, 47, 'steam:1100001080181c7', 'https://i.gyazo.com/86324aa11d4c8769633bf48538a5b30f.png Text', '2021-01-21 14:58:09', 0, 18),
	(205, 46, 'steam:110000104ed291c', 'https://i.imgur.com/95ApAzs.jpg', '2021-01-21 15:07:36', 0, 19),
	(206, 47, 'steam:1100001080181c7', 'https://i.imgur.com/7I60Jcq.jpg', '2021-01-21 15:07:46', 0, 18),
	(207, 46, 'steam:110000104ed291c', 'https://i.imgur.com/xJymFbI.jpg', '2021-01-21 15:08:16', 0, 19),
	(208, 48, 'steam:110000104ed291c', 'https://i.imgur.com/0Al2GBd.jpg', '2021-02-10 12:27:09', 1, 25),
	(209, 48, 'steam:110000104ed291c', 'khjkhk', '2021-02-10 12:30:34', 1, 25),
	(210, 48, 'steam:110000104ed291c', 'khjkhkh', '2021-02-10 12:30:36', 1, 25),
	(211, 48, 'steam:110000104ed291c', 'https://i.imgur.com/Qaf96FR.jpg', '2021-02-10 12:31:06', 1, 25),
	(212, 48, 'steam:110000104ed291c', 'fafa', '2021-02-10 12:45:09', 1, 25),
	(213, 48, 'steam:110000104ed291c', 'fafeafa', '2021-02-10 12:45:12', 1, 25),
	(214, 48, 'steam:110000104ed291c', '<span>hi</span>', '2021-02-10 12:45:22', 1, 25),
	(215, 48, 'steam:110000104ed291c', '@hawaiii tret', '2021-02-10 12:45:33', 0, 25),
	(216, 48, 'steam:110000104ed291c', 'https://i.imgur.com/ubXdrGf.jpg', '2021-02-10 13:10:34', 0, 25),
	(217, 48, 'steam:110000104ed291c', 'https://i.imgur.com/S3XvdUG.jpg', '2021-02-10 13:12:52', 1, 25),
	(218, 48, 'steam:110000104ed291c', 'fafa', '2021-02-10 13:13:23', 0, 25),
	(219, 48, 'steam:110000104ed291c', 'feafa', '2021-02-10 13:13:25', 0, 25),
	(220, 48, 'steam:110000104ed291c', 'https://i.imgur.com/ClhpvlC.jpg', '2021-02-10 13:13:30', 0, 25),
	(221, 48, 'steam:110000104ed291c', 'https://i.imgur.com/nviFAMO.jpg', '2021-02-10 20:53:15', 0, 25),
	(222, 48, 'steam:110000104ed291c', 'https://i.imgur.com/425V8xx.jpg', '2021-02-10 21:08:20', 0, 25),
	(223, 48, 'steam:110000104ed291c', 'https://i.imgur.com/Vfr1nrq.jpg', '2021-02-10 21:32:36', 0, 25),
	(224, 48, 'steam:110000104ed291c', 'https://i.imgur.com/qD9ZjnA.jpg', '2021-02-10 22:15:32', 0, 25),
	(225, 48, 'steam:110000104ed291c', 'https://i.imgur.com/YGhfEFT.jpg', '2021-02-11 22:00:27', 0, 25),
	(226, 48, 'steam:110000104ed291c', 'https://i.imgur.com/qD9ZjnA.jpg', '2021-02-11 22:00:54', 0, 25),
	(227, 48, 'steam:110000104ed291c', 'https://i.imgur.com/ShFWJyI.jpg', '2021-02-12 16:34:49', 0, 25);
/*!40000 ALTER TABLE `twitter_tweets` ENABLE KEYS */;

CREATE TABLE IF NOT EXISTS `users` (
  `rpuk_charid` int(11) NOT NULL AUTO_INCREMENT,
  `character_index` int(11) NOT NULL DEFAULT 0,
  `identifier` varchar(50) COLLATE utf8mb4_bin NOT NULL,
  `created` datetime DEFAULT current_timestamp(),
  `name` varchar(50) CHARACTER SET utf8mb4 DEFAULT '',
  `mdt` longtext CHARACTER SET utf8mb4 DEFAULT '{"crimes":[],"tickets":[],"markers":[],"contact":[],"description":[],"notes":[]}',
  `skin` longtext COLLATE utf8mb4_bin DEFAULT NULL,
  `job` varchar(50) COLLATE utf8mb4_bin DEFAULT 'unemployed',
  `job_grade` int(11) DEFAULT 0,
  `policelevel` int(11) DEFAULT -1,
  `policedata` varchar(150) COLLATE utf8mb4_bin DEFAULT '{"taser":0,"dog":0,"firstaid":0,"driving":0,"pilot":0,"boat":0,"firearms":0,"special":0}',
  `nhslevel` int(11) DEFAULT -1,
  `nhsdata` varchar(150) COLLATE utf8mb4_bin DEFAULT '{"firstaid":0,"driving":0,"pilot":0,"boat":0,"special":0}',
  `lostlevel` int(11) DEFAULT -1,
  `lostdata` varchar(150) COLLATE utf8mb4_bin DEFAULT '{"manufacture":0,"bank":0,"launder":0,"smuggling":0,"special":0}',
  `mutexjobdata` longtext COLLATE utf8mb4_bin DEFAULT '{"taxi":0,"mechanic":0,"delivery":0,"ranger":0,"postal":0,"binman":0,"security":0}',
  `progressdata` longtext COLLATE utf8mb4_bin DEFAULT '{"pro_smelt":0,"pro_meth":0,"pro_coke":0,"pro_weed":0,"pro_food":0,"pro_weed":0}',
  `wardrobe` longtext COLLATE utf8mb4_bin DEFAULT '{"shoes":[],"hats":[],"masks":[],"tops":[],"accessories":[],"bags":[],"trousers":[]}',
  `loadout` longtext COLLATE utf8mb4_bin DEFAULT NULL,
  `position` varchar(53) COLLATE utf8mb4_bin DEFAULT NULL,
  `group` varchar(50) COLLATE utf8mb4_bin DEFAULT NULL,
  `firstname` varchar(50) CHARACTER SET utf8mb4 DEFAULT '',
  `state` int(11) DEFAULT 0,
  `lastname` varchar(50) CHARACTER SET utf8mb4 DEFAULT '',
  `inventory` longtext COLLATE utf8mb4_bin DEFAULT '{"phone":1}',
  `accounts` longtext COLLATE utf8mb4_bin DEFAULT NULL,
  `dateofbirth` varchar(25) COLLATE utf8mb4_bin DEFAULT '',
  `sex` varchar(10) COLLATE utf8mb4_bin DEFAULT '',
  `height` varchar(5) COLLATE utf8mb4_bin DEFAULT '',
  `status` longtext COLLATE utf8mb4_bin DEFAULT NULL,
  `tattoos` longtext COLLATE utf8mb4_bin DEFAULT NULL,
  `last_house` int(11) DEFAULT 0,
  `house` longtext COLLATE utf8mb4_bin NOT NULL DEFAULT '{"owns":false,"furniture":[],"houseId":0}',
  `bought_furniture` longtext COLLATE utf8mb4_bin NOT NULL DEFAULT '{}',
  `animations` longtext COLLATE utf8mb4_bin DEFAULT NULL,
  `phone_number` varchar(10) COLLATE utf8mb4_bin DEFAULT NULL,
  `dead` tinyint(1) NOT NULL DEFAULT 0,
  `jailed` tinyint(1) NOT NULL DEFAULT 0,
  `health` int(11) NOT NULL DEFAULT 200,
  `armour` int(11) NOT NULL DEFAULT 0,
  `gang_data` longtext COLLATE utf8mb4_bin DEFAULT '{"gang_id":0,"gang_rank":0}',
  `license` varchar(50) COLLATE utf8mb4_bin DEFAULT NULL,
  PRIMARY KEY (`rpuk_charid`),
  KEY `index_users_identifier` (`identifier`)
) ENGINE=InnoDB AUTO_INCREMENT=27 DEFAULT CHARSET=utf8mb4 COLLATE=utf8mb4_bin;

/*!40000 ALTER TABLE `users` DISABLE KEYS */;
INSERT INTO `users` (`rpuk_charid`, `character_index`, `identifier`, `created`, `name`, `mdt`, `skin`, `job`, `job_grade`, `policelevel`, `policedata`, `nhslevel`, `nhsdata`, `lostlevel`, `lostdata`, `mutexjobdata`, `progressdata`, `wardrobe`, `loadout`, `position`, `group`, `firstname`, `state`, `lastname`, `inventory`, `accounts`, `dateofbirth`, `sex`, `height`, `status`, `tattoos`, `last_house`, `house`, `bought_furniture`, `animations`, `phone_number`, `dead`, `jailed`, `health`, `armour`, `gang_data`, `license`) VALUES
	(10, -1, 'steam:110000104ed291c', '2020-12-19 14:50:28', 'Hawaii Beach', '{"crimes":[],"tickets":[],"markers":[],"contact":[],"description":[],"notes":[]}', '{"makeup_3":0,"lipstick_1":255,"decals_2":0,"helmet_2":-1,"blush_2":1,"blemishes_2":1,"watches_1":-1,"nose_bone_high":0.0,"makeup_4":0,"tshirt_2":0,"nose_bone_twist":0.0,"chimp_hole":0.0,"tshirt_1":0,"complexion_2":1,"lipstick_2":0.0,"eyebrows_1":0,"lipstick_3":0,"glasses_2":-1,"jaw_bone_width":0.0,"eyebrown_forward":0.0,"nose_peak_length":0.0,"beard_3":0,"torso_2":1,"chain_1":0,"makeup_5":1,"age_2":0.0,"chimp_bone_lenght":0.0,"eyebrows_2":1.0,"hair_1":0,"cheeks_bone_width":0.0,"makeup_1":255,"eyebrown_high":0.0,"face":3,"bracelets_1":-1,"bracelets_2":-1,"hair_color_1":0,"chimp_bone_width":0.0,"lips_thickness":0.0,"decals_1":0,"jaw_bone_back_length":0.0,"eyes_openning":0.0,"ears_1":-1,"lipstick_4":0,"torso_1":0,"chain_2":0,"bodyb_2":1,"eyebrows_4":0,"sun_2":1,"eye_color":0,"neck_thickness":0.0,"sex":0,"beard_4":0,"mask_2":0,"age_5":0,"hair_2":0,"nose_width":0.0,"bproof_2":0,"cheeks_bone_high":0.0,"lipstick_5":1,"nose_peak_lowering":0.0,"hair_color_2":0,"bags_2":0,"shoes_2":0,"eyebrows_5":1,"skin":12,"pants_1":3,"glasses_1":-1,"arms_2":0,"ears_2":-1,"beard_1":255,"bags_1":0,"age_3":0,"arms":0,"moles_2":1,"eyebrows_3":0,"shoes_1":34,"pants_2":0,"age_4":0,"beard_2":0.0,"mask_1":0,"age_1":255,"helmet_1":-1,"chimp_bone_lowering":0.0,"watches_2":-1,"bproof_1":0,"chest_2":1,"cheeks_width":0.0,"makeup_2":0.0,"nose_peak_hight":0.0,"beard_5":1}', 'police', 5, 5, '{"taser":0,"dog":0,"firstaid":0,"driving":0,"pilot":0,"boat":0,"firearms":0,"special":0}', -1, '{"firstaid":0,"driving":0,"pilot":0,"boat":0,"special":0}', -1, '{"manufacture":0,"bank":0,"launder":0,"smuggling":0,"special":0}', '{"taxi":0,"mechanic":0,"delivery":0,"ranger":0,"postal":0,"binman":0,"security":0}', '{"pro_smelt":0,"pro_meth":0,"pro_coke":0,"pro_weed":0,"pro_food":0,"pro_weed":0}', '{"shoes":[],"hats":[],"masks":[],"tops":[],"accessories":[],"bags":[],"trousers":[]}', '{"weapons":{"WEAPON_PISTOL50":[],"WEAPON_ASSAULTRIFLE":[],"WEAPON_PISTOL":[]},"ammo":{"pistol":53,"assaultRifle":180}}', '{"x":-496.4,"y":-2072.2,"z":34.7}', NULL, 'Sfsfsfs', 1, 'Fsfsfsfs', '{"radio":1,"phone":1}', '{"bank":5402357,"money":0,"black_money":0}', '18', 'm', '140', '{"thirst":87,"hunger":87}', NULL, 0, '{"owns":false,"furniture":[],"houseId":0}', '{}', NULL, '1', 0, 0, 200, 0, '{"gang_id":0,"gang_rank":0}', NULL),
	(14, -1, 'steam:110000104ed291c', '2021-01-04 15:52:29', 'Hawaii Beach', '{"crimes":[],"tickets":[],"markers":[],"contact":[],"description":[],"notes":[]}', '{"beard_5":0,"pants_2":0,"makeup_3":0,"eyebrows_5":0,"age_3":0,"eyebrows_4":0,"skin":0,"shoes_2":0,"hair_color_2":-1,"bracelets_2":-1,"age_1":0,"bags_2":0,"chest_2":false,"bproof_1":0,"blush_2":false,"beard_4":0,"blemishes_2":false,"lipstick_3":0,"beard_2":0.0,"nose_bone_twist":0.0,"decals_2":0,"helmet_1":-1,"nose_peak_hight":0.0,"chimp_bone_width":0.0,"eye_color":-1,"sun_2":false,"lipstick_2":0.0,"jaw_bone_width":0.0,"chain_1":0,"chimp_bone_lowering":0.0,"eyebrows_2":0.0,"face":0,"pants_1":0,"decals_1":0,"ears_1":-1,"age_2":0.0,"bproof_2":0,"chain_2":0,"ears_2":-1,"chimp_hole":0.0,"jaw_bone_back_length":0.0,"eyes_openning":0.0,"hair_2":0,"neck_thickness":0.0,"watches_1":-1,"age_4":0,"nose_peak_length":0.0,"sex":0,"bags_1":0,"eyebrows_3":0,"arms_2":0,"cheeks_width":0.0,"lips_thickness":0.0,"mask_1":0,"shoes_1":0,"beard_3":0,"watches_2":-1,"lipstick_5":0,"glasses_2":-1,"lipstick_4":0,"makeup_4":0,"eyebrown_forward":0.0,"lipstick_1":0,"chimp_bone_lenght":0.0,"torso_2":0,"makeup_1":0,"mask_2":0,"arms":0,"moles_2":false,"complexion_2":false,"tshirt_2":0,"torso_1":0,"nose_bone_high":0.0,"eyebrown_high":0.0,"bodyb_2":false,"eyebrows_1":0,"tshirt_1":0,"cheeks_bone_width":0.0,"cheeks_bone_high":0.0,"age_5":0,"glasses_1":-1,"helmet_2":-1,"makeup_2":0.0,"hair_color_1":-1,"beard_1":0,"bracelets_1":-1,"nose_width":0.0,"nose_peak_lowering":0.0,"hair_1":0,"makeup_5":0}', 'police', 5, 7, '{"taser":0,"dog":0,"firstaid":0,"driving":0,"pilot":0,"boat":0,"firearms":0,"special":0}', -1, '{"firstaid":0,"driving":0,"pilot":0,"boat":0,"special":0}', -1, '{"manufacture":0,"bank":0,"launder":0,"smuggling":0,"special":0}', '{"taxi":0,"mechanic":0,"delivery":0,"ranger":0,"postal":0,"binman":0,"security":0}', '{"pro_smelt":0,"Strength":5,"pro_coke":0,"bla":5,"taxi":5,"pro_weed":0,"pro_food":0,"pro_meth":0,"strength":5}', '{"shoes":[],"hats":[],"masks":[],"tops":[],"accessories":[],"bags":[],"trousers":[]}', '{"weapons":[],"ammo":[]}', '{"z":70.8,"y":3417.5,"x":862.9}', NULL, 'Fafafa', 1, 'Afafaf', '[]', '{"money":0,"bank":507575,"black_money":0}', '18', 'm', '150', '{"thirst":84,"hunger":84}', NULL, 0, '{"owns":false,"furniture":[],"houseId":0}', '{}', NULL, '167-7699', 0, 0, 200, 0, '{"gang_id":0,"gang_rank":0}', NULL),
	(16, -1, 'steam:110000104ed291c', '2021-01-15 21:14:28', 'Hawaii Beach', '{"crimes":[],"tickets":[],"markers":[],"contact":[],"description":[],"notes":[]}', '{"beard_4":0,"makeup_3":0,"helmet_2":-1,"sun_2":false,"arms":0,"eyebrows_5":0,"ears_2":-1,"decals_1":0,"shoes_2":0,"eyebrows_2":0.0,"shoes_1":0,"beard_3":0,"jaw_bone_width":0.0,"cheeks_width":0.0,"cheeks_bone_high":0.0,"bracelets_1":-1,"hair_2":0,"age_2":0.0,"helmet_1":-1,"glasses_2":-1,"glasses_1":-1,"hair_color_1":-1,"eyes_openning":0.0,"chimp_bone_width":0.0,"sex":0,"makeup_4":0,"nose_peak_hight":0.0,"eye_color":-1,"lipstick_1":0,"age_4":0,"tshirt_1":0,"nose_width":0.0,"watches_1":-1,"lipstick_4":0,"decals_2":0,"ears_1":-1,"eyebrows_1":0,"mask_2":0,"eyebrows_3":0,"beard_5":0,"nose_bone_high":0.0,"makeup_2":0.0,"chimp_hole":0.0,"jaw_bone_back_length":0.0,"chain_1":0,"nose_bone_twist":0.0,"beard_2":0.0,"chain_2":0,"bags_2":0,"lipstick_3":0,"hair_color_2":-1,"mask_1":0,"bracelets_2":-1,"lipstick_2":0.0,"eyebrown_forward":0.0,"eyebrows_4":0,"chimp_bone_lenght":0.0,"neck_thickness":0.0,"nose_peak_lowering":0.0,"bags_1":0,"bodyb_2":false,"blush_2":false,"torso_2":0,"bproof_1":0,"pants_1":0,"arms_2":0,"lips_thickness":0.0,"age_3":0,"face":0,"age_1":0,"blemishes_2":false,"makeup_1":0,"bproof_2":0,"lipstick_5":0,"torso_1":0,"beard_1":0,"moles_2":false,"watches_2":-1,"complexion_2":false,"chimp_bone_lowering":0.0,"eyebrown_high":0.0,"nose_peak_length":0.0,"cheeks_bone_width":0.0,"makeup_5":0,"pants_2":0,"skin":0,"hair_1":0,"tshirt_2":0,"age_5":0,"chest_2":false}', 'unemployed', 0, -1, '{"taser":0,"dog":0,"firstaid":0,"driving":0,"pilot":0,"boat":0,"firearms":0,"special":0}', -1, '{"firstaid":0,"driving":0,"pilot":0,"boat":0,"special":0}', -1, '{"manufacture":0,"bank":0,"launder":0,"smuggling":0,"special":0}', '{"taxi":0,"mechanic":0,"delivery":0,"ranger":0,"postal":0,"binman":0,"security":0}', '{"pro_smelt":0,"pro_meth":0,"pro_coke":0,"pro_weed":0,"pro_food":0,"pro_weed":0}', '{"shoes":[],"hats":[],"masks":[],"tops":[],"accessories":[],"bags":[],"trousers":[]}', '{"ammo":[],"weapons":[]}', '{"y":-884.2,"x":119.0,"heading":78.4,"z":31.1}', NULL, 'Gaga', 1, 'Gaga', '{"phone":1}', '{"black_money":0,"bank":7520,"money":1000}', '19', 'm', '150', '{"hunger":91,"thirst":91}', NULL, 0, '{"owns":false,"furniture":[],"houseId":0}', '{}', NULL, '336-9268', 0, 0, 200, 0, '{"gang_id":0,"gang_rank":0}', NULL),
	(17, 1, 'steam:1100001152a3335', '2021-01-17 18:20:28', 'Drwhocake', '{"crimes":[],"tickets":[],"markers":[],"contact":[],"description":[],"notes":[]}', '{"blush_2":false,"watches_1":-1,"nose_bone_twist":0.0,"torso_2":0,"watches_2":-1,"pants_1":0,"makeup_5":0,"eyebrows_1":0,"chimp_bone_width":0.0,"glasses_1":-1,"bags_2":0,"eyebrows_5":0,"helmet_2":-1,"hair_1":0,"tshirt_2":0,"moles_2":false,"age_3":0,"bproof_1":0,"beard_4":0,"lipstick_5":0,"shoes_1":0,"lipstick_2":0.0,"tshirt_1":0,"beard_3":0,"sun_2":false,"eye_color":-1,"lipstick_1":0,"sex":0,"makeup_3":0,"jaw_bone_back_length":0.0,"complexion_2":false,"jaw_bone_width":0.0,"hair_2":0,"blemishes_2":false,"nose_peak_lowering":0.0,"bodyb_2":false,"age_1":0,"ears_2":-1,"lips_thickness":0.0,"lipstick_4":0,"chimp_bone_lowering":0.0,"eyebrows_3":0,"mask_1":0,"chimp_bone_lenght":0.0,"torso_1":0,"eyebrows_4":0,"lipstick_3":0,"mask_2":0,"pants_2":0,"chest_2":false,"neck_thickness":0.0,"chimp_hole":0.0,"nose_width":0.0,"eyebrown_high":0.0,"nose_peak_hight":0.0,"eyebrows_2":0.0,"chain_1":0,"age_5":0,"bracelets_2":-1,"age_4":0,"face":0,"makeup_1":0,"decals_1":0,"helmet_1":-1,"cheeks_bone_width":0.0,"makeup_4":0,"cheeks_bone_high":0.0,"nose_peak_length":0.0,"hair_color_1":-1,"glasses_2":-1,"chain_2":0,"arms_2":0,"makeup_2":0.0,"skin":0,"arms":0,"shoes_2":0,"nose_bone_high":0.0,"bproof_2":0,"decals_2":0,"eyes_openning":0.0,"ears_1":-1,"beard_1":0,"eyebrown_forward":0.0,"bags_1":0,"cheeks_width":0.0,"beard_5":0,"beard_2":0.0,"hair_color_2":-1,"bracelets_1":-1,"age_2":0.0}', 'police', 6, -1, '{"taser":0,"dog":0,"firstaid":0,"driving":0,"pilot":0,"boat":0,"firearms":0,"special":0}', -1, '{"firstaid":0,"driving":0,"pilot":0,"boat":0,"special":0}', -1, '{"manufacture":0,"bank":0,"launder":0,"smuggling":0,"special":0}', '{"taxi":0,"mechanic":0,"delivery":0,"ranger":0,"postal":0,"binman":0,"security":0}', '{"pro_smelt":0,"pro_meth":0,"pro_coke":0,"pro_weed":0,"pro_food":0,"pro_weed":0}', '{"shoes":[],"hats":[],"masks":[],"tops":[],"accessories":[],"bags":[],"trousers":[]}', '{"ammo":[],"weapons":{"WEAPON_SMG":[]}}', '{"x":-677.8,"z":37.8,"y":-176.6}', NULL, 'Woow', 0, 'No', '{"phone":2}', '{"black_money":0,"bank":25280,"money":1000}', '100', 'm', '190', '[{"val":100,"percent":100,"name":"hunger"},{"val":100,"percent":100,"name":"thirst"}]', NULL, 0, '{"owns":false,"furniture":[],"houseId":0}', '{}', NULL, '141-2395', 0, 0, 200, 0, '{"gang_id":0,"gang_rank":0}', NULL),
	(18, 2, 'steam:1100001080181c7', '2021-01-21 14:40:11', 'Alfred', '{"crimes":[],"tickets":[],"markers":[],"contact":[],"description":[],"notes":[]}', '{"cheeks_bone_high":0.0,"bags_1":0,"bproof_2":0,"lipstick_2":0.0,"arms_2":0,"hair_2":0,"lipstick_3":0,"skin":12,"lipstick_1":255,"face":3,"eyebrows_2":1.0,"chimp_bone_lowering":0.0,"blemishes_2":1,"chimp_bone_lenght":0.0,"bracelets_1":-1,"cheeks_bone_width":0.0,"helmet_1":-1,"sun_2":1,"makeup_4":0,"helmet_2":-1,"chest_2":1,"arms":15,"eyebrows_5":1,"hair_color_1":0,"mask_1":0,"neck_thickness":0.0,"nose_peak_length":0.0,"bproof_1":0,"bodyb_2":1,"eyebrows_3":0,"nose_peak_lowering":0.0,"beard_4":0,"pants_1":61,"glasses_1":-1,"makeup_5":1,"decals_1":0,"moles_2":1,"blush_2":1,"decals_2":0,"nose_peak_hight":0.0,"age_2":0.0,"lips_thickness":0.0,"watches_1":-1,"hair_1":0,"beard_1":255,"ears_2":-1,"age_1":255,"hair_color_2":0,"tshirt_2":0,"cheeks_width":0.0,"eyebrown_forward":0.0,"chimp_bone_width":0.0,"age_5":0,"nose_width":0.0,"watches_2":-1,"pants_2":4,"jaw_bone_width":0.0,"eyebrown_high":0.0,"mask_2":0,"beard_2":0.0,"tshirt_1":15,"chimp_hole":0.0,"sex":0,"age_3":0,"jaw_bone_back_length":0.0,"chain_2":0,"lipstick_5":1,"lipstick_4":0,"bags_2":0,"nose_bone_twist":0.0,"bracelets_2":-1,"age_4":0,"nose_bone_high":0.0,"makeup_1":255,"eyebrows_4":0,"makeup_3":0,"torso_2":0,"shoes_2":0,"eyebrows_1":0,"eye_color":0,"beard_3":0,"eyes_openning":0.0,"ears_1":-1,"torso_1":15,"shoes_1":34,"beard_5":1,"chain_1":0,"glasses_2":-1,"complexion_2":1,"makeup_2":0.0}', 'unemployed', 0, -1, '{"taser":0,"dog":0,"firstaid":0,"driving":0,"pilot":0,"boat":0,"firearms":0,"special":0}', -1, '{"firstaid":0,"driving":0,"pilot":0,"boat":0,"special":0}', -1, '{"manufacture":0,"bank":0,"launder":0,"smuggling":0,"special":0}', '{"taxi":0,"mechanic":0,"delivery":0,"ranger":0,"postal":0,"binman":0,"security":0}', '{"pro_smelt":0,"pro_meth":0,"pro_coke":0,"pro_weed":0,"pro_food":0,"pro_weed":0}', '{"shoes":[],"hats":[],"masks":[],"tops":[],"accessories":[],"bags":[],"trousers":[]}', '{"weapons":[],"ammo":[]}', '{"z":28.9,"y":-1403.1,"x":-476.4,"heading":67.0}', NULL, 'Alfred', 0, 'Wilson', '{"phone":2}', '{"money":1000,"bank":17600,"black_money":0}', '18', 'm', '200', '{"thirst":51,"hunger":51}', NULL, 0, '{"owns":false,"furniture":[],"houseId":0}', '{}', NULL, '25-2409', 0, 0, 154, 0, '{"gang_id":0,"gang_rank":0}', NULL),
	(19, -1, 'steam:110000104ed291c', '2021-01-21 14:46:39', 'Hawaii Beach', '{"crimes":[],"tickets":[],"markers":[],"contact":[],"description":[],"notes":[]}', '{"sun_2":1,"makeup_2":0.0,"torso_2":1,"chain_1":0,"arms":0,"ears_1":-1,"hair_color_2":0,"watches_2":-1,"bproof_2":0,"makeup_5":2,"hair_2":0,"beard_1":255,"eyes_openning":0.0,"mask_1":0,"eyebrows_5":1,"makeup_4":0,"lipstick_2":0.0,"chimp_bone_lowering":0.0,"cheeks_bone_high":0.0,"neck_thickness":0.0,"ears_2":-1,"age_4":0,"eyebrows_1":0,"lipstick_1":255,"blush_2":1,"eyebrown_high":0.0,"skin":12,"decals_2":0,"nose_bone_high":0.0,"age_1":255,"hair_1":0,"sex":0,"chimp_bone_width":0.0,"makeup_3":0,"chimp_hole":0.0,"arms_2":0,"bracelets_1":-1,"eyebrows_2":1.0,"chimp_bone_lenght":0.0,"nose_peak_lowering":0.0,"face":3,"helmet_2":-1,"nose_width":0.0,"glasses_2":-1,"tshirt_1":0,"nose_bone_twist":0.0,"beard_5":1,"pants_1":3,"beard_3":0,"nose_peak_hight":0.0,"lipstick_3":0,"eye_color":0,"decals_1":0,"beard_2":0.0,"makeup_1":255,"watches_1":-1,"age_5":0,"lipstick_4":0,"eyebrown_forward":0.0,"hair_color_1":0,"age_3":0,"glasses_1":-1,"eyebrows_3":0,"jaw_bone_width":0.0,"helmet_1":-1,"cheeks_width":0.0,"bags_2":0,"eyebrows_4":0,"mask_2":0,"shoes_2":0,"chest_2":1,"bproof_1":0,"bags_1":0,"cheeks_bone_width":0.0,"tshirt_2":0,"pants_2":0,"shoes_1":34,"lipstick_5":2,"moles_2":1,"complexion_2":1,"bracelets_2":-1,"age_2":0.0,"bodyb_2":1,"lips_thickness":0.0,"nose_peak_length":0.0,"jaw_bone_back_length":0.0,"beard_4":0,"torso_1":0,"chain_2":0,"blemishes_2":1}', 'police', 5, 5, '{"taser":0,"dog":0,"firstaid":0,"driving":0,"pilot":0,"boat":0,"firearms":0,"special":0}', -1, '{"firstaid":0,"driving":0,"pilot":0,"boat":0,"special":0}', -1, '{"manufacture":0,"bank":0,"launder":0,"smuggling":0,"special":0}', '{"taxi":0,"mechanic":0,"delivery":0,"ranger":0,"postal":0,"binman":0,"security":0}', '{"pro_smelt":0,"pro_meth":0,"pro_coke":0,"pro_weed":0,"pro_food":0,"pro_weed":0}', '{"shoes":[],"hats":[],"masks":[],"tops":[],"accessories":[],"bags":[],"trousers":[]}', '{"weapons":[],"ammo":[]}', '{"y":3680.3,"x":1861.9,"heading":41.3,"z":33.7}', NULL, 'Gsgsgs', 1, 'Gsgsgs', '{"lockpick":50,"repairkit":48,"phone":1,"bandage":97}', '{"black_money":0,"bank":41890,"money":1000}', '18', 'm', '159', '{"hunger":27,"thirst":27}', NULL, 0, '{"owns":false,"furniture":[],"houseId":0}', '{}', NULL, '974-1819', 0, 0, 200, 0, '{"gang_id":0,"gang_rank":0}', NULL),
	(20, 2, 'steam:1100001000426d4', '2021-01-23 20:00:42', 'DELETER', '{"crimes":[],"tickets":[],"markers":[],"contact":[],"description":[],"notes":[]}', '{"hair_2":0,"shoes_2":0,"cheeks_bone_high":0.0,"chain_1":0,"nose_peak_hight":0.0,"hair_1":0,"bproof_1":0,"age_2":0.0,"bracelets_2":-1,"bproof_2":0,"lips_thickness":0.0,"torso_1":15,"age_3":0,"blemishes_2":1,"shoes_1":0,"tshirt_2":0,"watches_1":-1,"bracelets_1":-1,"helmet_1":-1,"cheeks_bone_width":0.0,"makeup_1":255,"bags_1":0,"eyebrown_high":0.0,"mask_1":0,"makeup_5":1,"moles_2":1,"lipstick_3":0,"nose_bone_twist":0.0,"eyebrows_4":0,"age_5":0,"beard_2":0.0,"bodyb_2":1,"cheeks_width":0.0,"lipstick_5":1,"beard_1":255,"glasses_2":-1,"jaw_bone_back_length":0.0,"chain_2":0,"bags_2":0,"ears_1":-1,"hair_color_2":0,"eyebrows_1":0,"pants_1":15,"eye_color":12,"age_1":255,"makeup_3":0,"makeup_2":0.0,"nose_peak_length":0.0,"beard_3":0,"age_4":0,"decals_1":0,"chimp_bone_lenght":0.0,"face":41,"lipstick_2":0.0,"decals_2":0,"skin":14,"watches_2":-1,"eyebrows_3":0,"lipstick_4":0,"torso_2":0,"nose_bone_high":0.0,"ears_2":-1,"mask_2":0,"hair_color_1":0,"eyebrows_5":1,"beard_5":1,"lipstick_1":255,"neck_thickness":0.0,"sun_2":1,"chimp_bone_lowering":0.0,"helmet_2":-1,"glasses_1":-1,"blush_2":1,"arms_2":0,"makeup_4":0,"arms":15,"complexion_2":1,"beard_4":0,"chimp_bone_width":0.0,"jaw_bone_width":0.0,"pants_2":0,"sex":1,"eyes_openning":0.0,"eyebrows_2":1.0,"tshirt_1":15,"chimp_hole":0.0,"eyebrown_forward":0.0,"nose_peak_lowering":0.0,"chest_2":1,"nose_width":0.0}', 'police', 4, -1, '{"taser":0,"dog":0,"firstaid":0,"driving":0,"pilot":0,"boat":0,"firearms":0,"special":0}', -1, '{"firstaid":0,"driving":0,"pilot":0,"boat":0,"special":0}', -1, '{"manufacture":0,"bank":0,"launder":0,"smuggling":0,"special":0}', '{"taxi":0,"mechanic":0,"delivery":0,"ranger":0,"postal":0,"binman":0,"security":0}', '{"pro_smelt":0,"pro_meth":0,"pro_coke":0,"pro_weed":0,"pro_food":0,"pro_weed":0}', '{"shoes":[],"hats":[],"masks":[],"tops":[],"accessories":[],"bags":[],"trousers":[]}', '{"ammo":[],"weapons":[]}', '{"heading":87.9,"x":-371.4,"y":-646.5,"z":31.2}', NULL, 'Jessica', 0, 'Simpson', '{"radio":1,"phone":1}', '{"black_money":0,"bank":12760,"money":1000}', '18', 'f', '140', '{"hunger":76,"thirst":76}', NULL, 0, '{"owns":false,"furniture":[],"houseId":0}', '{}', NULL, '565-3751', 1, 0, 200, 0, '{"gang_id":0,"gang_rank":0}', NULL),
	(21, 1, 'steam:1100001054f72bc', '2021-01-24 14:02:21', 'Recon Nine', '{"crimes":[],"tickets":[],"markers":[],"contact":[],"description":[],"notes":[]}', '{"mask_2":0,"mask_1":0,"eyes_openning":0.0,"nose_width":0.0,"chain_1":0,"makeup_2":0.0,"beard_3":0,"nose_peak_length":0.0,"arms_2":0,"bproof_2":0,"nose_bone_high":0.0,"nose_peak_lowering":0.0,"glasses_2":-1,"ears_2":-1,"chimp_bone_lenght":0.0,"lipstick_3":0,"complexion_2":false,"eyebrown_forward":0.0,"chest_2":false,"cheeks_bone_width":0.0,"hair_color_2":-1,"chimp_bone_width":0.0,"torso_1":0,"age_1":0,"age_2":0.0,"hair_color_1":-1,"chain_2":0,"hair_2":0,"bracelets_1":-1,"lipstick_4":0,"decals_2":0,"decals_1":0,"sun_2":false,"hair_1":0,"eyebrown_high":0.0,"ears_1":-1,"arms":0,"tshirt_2":0,"neck_thickness":0.0,"nose_bone_twist":0.0,"makeup_4":0,"cheeks_bone_high":0.0,"pants_2":0,"eyebrows_3":0,"jaw_bone_width":0.0,"cheeks_width":0.0,"chimp_bone_lowering":0.0,"helmet_1":-1,"pants_1":0,"beard_2":0.0,"watches_2":-1,"watches_1":-1,"torso_2":0,"face":0,"makeup_3":0,"tshirt_1":0,"shoes_1":0,"shoes_2":0,"makeup_1":0,"chimp_hole":0.0,"makeup_5":0,"bracelets_2":-1,"sex":0,"beard_4":0,"bodyb_2":false,"eye_color":-1,"lips_thickness":0.0,"age_5":0,"eyebrows_5":0,"beard_5":0,"blemishes_2":false,"moles_2":false,"jaw_bone_back_length":0.0,"eyebrows_4":0,"helmet_2":-1,"glasses_1":-1,"lipstick_2":0.0,"beard_1":0,"lipstick_1":0,"nose_peak_hight":0.0,"lipstick_5":0,"skin":0,"eyebrows_2":0.0,"bags_1":0,"age_4":0,"age_3":0,"eyebrows_1":0,"bproof_1":0,"bags_2":0,"blush_2":false}', 'unemployed', 0, -1, '{"taser":0,"dog":0,"firstaid":0,"driving":0,"pilot":0,"boat":0,"firearms":0,"special":0}', -1, '{"firstaid":0,"driving":0,"pilot":0,"boat":0,"special":0}', -1, '{"manufacture":0,"bank":0,"launder":0,"smuggling":0,"special":0}', '{"taxi":0,"mechanic":0,"delivery":0,"ranger":0,"postal":0,"binman":0,"security":0}', '{"pro_smelt":0,"pro_meth":0,"pro_coke":0,"pro_weed":0,"pro_food":0,"pro_weed":0}', '{"shoes":[],"hats":[],"masks":[],"tops":[],"accessories":[],"bags":[],"trousers":[]}', '{"weapons":{"WEAPON_PISTOL":[],"WEAPON_HOMINGLAUNCHER":[],"WEAPON_ASSAULTRIFLE":[]},"ammo":{"pistol":195,"assaultRifle":130}}', '{"z":-48.5,"y":-3023.2,"x":-1278.4,"heading":69.8}', NULL, 'UNTESTED', 0, 'CODE', '{"phone":1,"radio":1}', '{"black_money":0,"bank":15080,"money":1000}', '18', 'm', '140', '{"thirst":97,"hunger":97}', NULL, 0, '{"owns":false,"furniture":[],"houseId":0}', '{}', NULL, '604-4515', 0, 0, 200, 0, '{"gang_id":0,"gang_rank":0}', NULL),
	(22, 1, 'steam:11000010c11bbc4', '2021-01-24 14:26:36', 'Fluqi', '{"crimes":[],"tickets":[],"markers":[],"contact":[],"description":[],"notes":[]}', '{"skin":14,"mask_1":0,"eyes_openning":0.0,"nose_width":0.0,"chain_1":0,"makeup_2":0.0,"beard_3":28,"nose_peak_length":0.0,"arms_2":0,"bproof_2":0,"nose_bone_high":0.0,"makeup_4":0,"glasses_2":0,"age_4":0,"lipstick_5":2,"lipstick_3":0,"complexion_2":1,"chimp_bone_lowering":0.0,"chest_2":1,"cheeks_bone_width":0.0,"hair_color_2":53,"eye_color":3,"torso_1":3,"age_1":14,"age_2":1.399999976158142,"bproof_1":0,"chain_2":0,"hair_2":0,"beard_1":28,"lipstick_4":0,"decals_2":0,"decals_1":0,"sun_2":1,"hair_1":0,"eyebrown_high":0.0,"ears_1":-1,"arms":6,"tshirt_2":0,"neck_thickness":0.0,"bracelets_1":-1,"mask_2":0,"cheeks_bone_high":0.0,"pants_2":0,"eyebrows_3":28,"jaw_bone_width":0.0,"eyebrown_forward":0.0,"beard_2":1.0,"hair_color_1":53,"pants_1":0,"nose_peak_lowering":0.0,"watches_2":-1,"watches_1":-1,"torso_2":11,"face":44,"bracelets_2":-1,"makeup_5":2,"shoes_1":0,"shoes_2":10,"makeup_1":255,"chimp_hole":0.0,"chimp_bone_lenght":0.0,"cheeks_width":0.0,"lipstick_2":0.0,"beard_4":28,"blush_2":1,"makeup_3":0,"lips_thickness":0.0,"age_5":0,"eyebrows_5":1,"beard_5":1,"eyebrows_4":28,"moles_2":1,"jaw_bone_back_length":0.0,"sex":0,"helmet_2":0,"glasses_1":2,"blemishes_2":1,"bags_2":0,"chimp_bone_width":0.0,"nose_peak_hight":0.0,"tshirt_1":5,"ears_2":-1,"eyebrows_2":1.0,"lipstick_1":255,"nose_bone_twist":0.0,"age_3":0,"helmet_1":37,"bags_1":0,"eyebrows_1":24,"bodyb_2":1}', 'unemployed', 0, -1, '{"taser":0,"dog":0,"firstaid":0,"driving":0,"pilot":0,"boat":0,"firearms":0,"special":0}', -1, '{"firstaid":0,"driving":0,"pilot":0,"boat":0,"special":0}', -1, '{"manufacture":0,"bank":0,"launder":0,"smuggling":0,"special":0}', '{"taxi":0,"mechanic":0,"delivery":0,"ranger":0,"postal":0,"binman":0,"security":0}', '{"pro_smelt":0,"pro_meth":0,"pro_coke":0,"pro_weed":0,"pro_food":0,"pro_weed":0}', '{"hats":["37:1"],"trousers":[],"masks":[],"bags":[],"tops":[],"shoes":[],"accessories":[]}', '{"weapons":{"WEAPON_ASSAULTRIFLE":[]},"ammo":{"assaultRifle":100}}', '{"z":-48.5,"y":-3019.7,"x":-1272.4,"heading":66.6}', NULL, 'Shane', 0, 'Jones', '{"phone":1}', '{"black_money":0,"bank":25100,"money":450}', '35', 'm', '200', '{"thirst":75,"hunger":75}', NULL, 0, '{"owns":false,"furniture":[],"houseId":0}', '{}', NULL, '154-3269', 0, 0, 200, 0, '{"gang_id":0,"gang_rank":0}', NULL),
	(23, 1, 'steam:110000102899b5d', '2021-01-24 22:14:38', 'PKK', '{"crimes":[],"tickets":[],"markers":[],"contact":[],"description":[],"notes":[]}', '{"lips_thickness":0.0,"moles_2":false,"nose_width":0.0,"nose_bone_high":0.0,"makeup_2":0.0,"hair_1":0,"chimp_bone_width":0.0,"watches_2":-1,"torso_2":0,"pants_1":0,"blemishes_2":false,"helmet_1":-1,"makeup_3":0,"shoes_1":0,"glasses_1":-1,"chimp_hole":0.0,"beard_1":0,"neck_thickness":0.0,"eyebrows_2":0.0,"jaw_bone_back_length":0.0,"bracelets_2":-1,"skin":0,"hair_2":0,"blush_2":false,"chain_2":0,"bproof_2":0,"beard_4":0,"decals_1":0,"chest_2":false,"hair_color_2":-1,"eyebrown_forward":0.0,"bracelets_1":-1,"nose_peak_hight":0.0,"shoes_2":0,"eyebrown_high":0.0,"nose_peak_length":0.0,"jaw_bone_width":0.0,"bags_1":0,"lipstick_2":0.0,"chimp_bone_lenght":0.0,"bproof_1":0,"nose_peak_lowering":0.0,"lipstick_3":0,"tshirt_2":0,"lipstick_5":0,"lipstick_1":0,"eyebrows_5":0,"eyebrows_3":0,"cheeks_bone_high":0.0,"sun_2":false,"beard_5":0,"mask_1":0,"pants_2":0,"tshirt_1":0,"eyebrows_4":0,"helmet_2":-1,"face":0,"age_3":0,"complexion_2":false,"beard_2":0.0,"hair_color_1":-1,"lipstick_4":0,"chimp_bone_lowering":0.0,"ears_2":-1,"watches_1":-1,"makeup_4":0,"ears_1":-1,"age_4":0,"age_2":0.0,"mask_2":0,"torso_1":0,"makeup_1":0,"decals_2":0,"age_1":0,"sex":0,"chain_1":0,"eyes_openning":0.0,"arms":0,"bodyb_2":false,"eyebrows_1":0,"arms_2":0,"cheeks_width":0.0,"eye_color":-1,"nose_bone_twist":0.0,"bags_2":0,"age_5":0,"cheeks_bone_width":0.0,"makeup_5":0,"beard_3":0,"glasses_2":-1}', 'police', 5, 5, '{"taser":0,"dog":0,"firstaid":0,"driving":0,"pilot":0,"boat":0,"firearms":0,"special":0}', -1, '{"firstaid":0,"driving":0,"pilot":0,"boat":0,"special":0}', -1, '{"manufacture":0,"bank":0,"launder":0,"smuggling":0,"special":0}', '{"taxi":0,"mechanic":0,"delivery":0,"ranger":0,"postal":0,"binman":0,"security":0}', '{"pro_smelt":0,"pro_meth":0,"pro_coke":0,"pro_weed":0,"pro_food":0,"pro_weed":0}', '{"shoes":[],"hats":[],"masks":[],"tops":[],"accessories":[],"bags":[],"trousers":[]}', '{"weapons":[],"ammo":[]}', '{"x":116.3,"y":-1612.4,"z":28.9}', NULL, 'BIZZ', 0, 'BIZZ', '{"phone":1,"radio":1,"repairkit":5}', '{"black_money":0,"bank":18200,"money":1000}', '18', 'm', '140', '{"thirst":99,"hunger":99}', NULL, 0, '{"owns":false,"furniture":[],"houseId":0}', '{}', NULL, '737-5551', 0, 0, 182, 0, '{"gang_id":0,"gang_rank":0}', NULL),
	(24, 1, 'steam:1100001036c1be6', '2021-01-25 14:21:47', 'Majordeath', '{"crimes":[],"tickets":[],"markers":[],"contact":[],"description":[],"notes":[]}', '{"blemishes_2":1,"chimp_bone_lenght":0.0,"makeup_3":0,"hair_color_2":0,"neck_thickness":0.0,"pants_1":1,"lipstick_1":255,"eyebrown_high":0.0,"watches_2":-1,"ears_2":-1,"eyebrown_forward":0.0,"eyes_openning":0.0,"cheeks_width":0.0,"jaw_bone_back_length":0.0,"beard_1":255,"age_2":0.0,"makeup_4":0,"lipstick_5":2,"tshirt_2":0,"nose_peak_lowering":0.0,"age_1":255,"torso_2":0,"glasses_1":0,"nose_bone_twist":0.0,"nose_bone_high":0.0,"decals_2":0,"makeup_2":0.0,"bags_1":0,"pants_2":12,"makeup_1":255,"shoes_2":0,"torso_1":4,"sex":0,"chain_2":0,"mask_1":-1,"arms":6,"bodyb_2":1,"bags_2":0,"lipstick_3":0,"tshirt_1":4,"hair_2":0,"blush_2":1,"chain_1":0,"eyebrows_2":0.0,"cheeks_bone_width":0.0,"bproof_2":0,"beard_5":1,"lipstick_4":0,"hair_color_1":0,"cheeks_bone_high":0.0,"watches_1":-1,"bracelets_2":-1,"skin":12,"eyebrows_3":0,"chimp_bone_lowering":0.0,"beard_4":0,"sun_2":1,"eyebrows_1":255,"beard_3":0,"age_3":0,"helmet_2":-1,"moles_2":1,"complexion_2":1,"mask_2":0,"bproof_1":0,"face":2,"hair_1":0,"shoes_1":0,"age_5":0,"eyebrows_4":0,"chimp_bone_width":0.0,"eyebrows_5":1,"ears_1":-1,"makeup_5":2,"chest_2":1,"nose_peak_hight":0.0,"glasses_2":0,"lips_thickness":0.0,"decals_1":0,"lipstick_2":0.0,"nose_width":0.0,"beard_2":0.0,"jaw_bone_width":0.0,"arms_2":0,"age_4":0,"eye_color":0,"chimp_hole":0.0,"bracelets_1":-1,"nose_peak_length":0.0,"helmet_1":-1}', 'unemployed', 0, -1, '{"taser":0,"dog":0,"firstaid":0,"driving":0,"pilot":0,"boat":0,"firearms":0,"special":0}', -1, '{"firstaid":0,"driving":0,"pilot":0,"boat":0,"special":0}', -1, '{"manufacture":0,"bank":0,"launder":0,"smuggling":0,"special":0}', '{"taxi":0,"mechanic":0,"delivery":0,"ranger":0,"postal":0,"binman":0,"security":0}', '{"pro_smelt":0,"pro_meth":0,"pro_coke":0,"pro_weed":0,"pro_food":0,"pro_weed":0}', '{"shoes":[],"hats":[],"masks":[],"tops":[],"accessories":[],"bags":[],"trousers":[]}', '{"weapons":[],"ammo":[]}', '{"x":426.1,"y":-800.1,"z":29.5}', NULL, 'Rasta', 0, 'Mike', '{"phone":1}', '{"money":750,"bank":7520,"black_money":0}', '30', 'm', '150', '{"thirst":92,"hunger":92}', NULL, 0, '{"owns":false,"furniture":[],"houseId":0}', '{}', NULL, '625-943', 0, 0, 200, 0, '{"gang_id":0,"gang_rank":0}', NULL),
	(25, 1, 'steam:110000104ed291c', '2021-01-25 15:53:59', 'Hawaii Beach', '{"crimes":[],"tickets":[],"markers":[],"contact":[],"description":[],"notes":[]}', '{"arms_2":0,"glasses_2":-1,"skin":12,"sex":0,"eye_color":0,"chest_2":1,"chain_1":0,"bracelets_1":-1,"eyebrown_high":0.0,"bodyb_2":1,"eyebrows_5":1,"hair_1":0,"age_5":0,"ears_2":-1,"tshirt_2":0,"lips_thickness":0.0,"age_2":0.0,"beard_3":0,"lipstick_5":2,"nose_bone_twist":0.0,"cheeks_bone_high":0.0,"torso_2":9,"mask_1":-1,"eyebrown_forward":0.0,"mask_2":0,"helmet_1":5,"glasses_1":-1,"neck_thickness":0.0,"chimp_bone_lenght":0.0,"complexion_2":1,"makeup_3":0,"nose_bone_high":0.0,"hair_color_2":0,"lipstick_2":0.0,"arms":2,"nose_peak_length":0.0,"bproof_2":0,"chimp_bone_width":0.0,"lipstick_3":0,"chimp_hole":0.0,"nose_peak_lowering":0.0,"eyebrows_2":1.0,"age_4":0,"eyebrows_1":0,"face":0,"makeup_4":0,"torso_1":2,"beard_4":0,"pants_1":61,"moles_2":1,"blush_2":1,"nose_width":0.0,"cheeks_bone_width":0.0,"chimp_bone_lowering":0.0,"jaw_bone_back_length":0.0,"eyes_openning":0.0,"age_3":0,"shoes_1":34,"tshirt_1":15,"beard_5":1,"bracelets_2":-1,"watches_1":-1,"beard_1":255,"bags_2":0,"ears_1":-1,"cheeks_width":0.0,"lipstick_4":0,"makeup_1":255,"hair_color_1":0,"shoes_2":0,"makeup_2":0.0,"sun_2":1,"age_1":255,"decals_2":0,"watches_2":-1,"helmet_2":0,"decals_1":0,"bags_1":0,"eyebrows_3":0,"blemishes_2":1,"nose_peak_hight":0.0,"beard_2":0.0,"eyebrows_4":0,"chain_2":0,"bproof_1":0,"pants_2":4,"jaw_bone_width":0.0,"makeup_5":2,"hair_2":0,"lipstick_1":255}', 'unemployed', 0, 5, '{"taser":0,"dog":0,"firstaid":0,"driving":0,"pilot":0,"boat":0,"firearms":0,"special":0}', -1, '{"firstaid":0,"driving":0,"pilot":0,"boat":0,"special":0}', -1, '{"manufacture":0,"bank":0,"launder":0,"smuggling":0,"special":0}', '{"taxi":0,"mechanic":0,"delivery":0,"ranger":0,"postal":0,"binman":0,"security":0}', '{"pro_mechanic":0.04,"pro_weed":0,"pro_coke":0,"pro_meth":0,"pro_smelt":0,"pro_food":0}', '{"shoes":[],"hats":[],"masks":[],"tops":[],"accessories":[],"bags":[],"trousers":[]}', '{"ammo":{"assaultRifle":250},"weapons":{"WEAPON_ASSAULTRIFLE":[],"WEAPON_SMG":[],"WEAPON_RPG":[]}}', '{"x":220.0,"y":-1026.2,"z":29.4}', NULL, 'Hdhd', 0, 'Hhdhd', '{"phone":1}', '{"bank":1937582,"money":999250,"black_money":0}', '45', 'm', '150', '[{"name":"hunger","percent":100,"val":100},{"name":"thirst","percent":100,"val":100}]', NULL, 0, '{"owns":false,"furniture":[],"houseId":0}', '{}', NULL, '322-1047', 0, 0, 200, 0, '{"gang_id":0,"gang_rank":0}', NULL),
	(26, -1, 'steam:110000104ed291c', '2021-01-25 16:08:44', 'Hawaii Beach', '{"crimes":[],"tickets":[],"markers":[],"contact":[],"description":[],"notes":[]}', '{"mask_1":0,"bracelets_2":-1,"eyebrows_3":0,"lipstick_4":0,"blush_2":false,"eyebrows_2":0.0,"neck_thickness":0.0,"lipstick_2":0.0,"beard_4":0,"helmet_1":-1,"beard_2":0.0,"beard_5":0,"chain_1":0,"torso_2":0,"chimp_hole":0.0,"jaw_bone_back_length":0.0,"moles_2":false,"bags_2":0,"shoes_1":0,"makeup_3":0,"beard_1":0,"bproof_2":0,"nose_bone_twist":0.0,"hair_color_2":-1,"decals_2":0,"beard_3":0,"lips_thickness":0.0,"age_1":0,"eye_color":-1,"ears_1":-1,"lipstick_1":0,"jaw_bone_width":0.0,"chimp_bone_width":0.0,"pants_1":0,"helmet_2":-1,"eyes_openning":0.0,"bracelets_1":-1,"cheeks_width":0.0,"makeup_2":0.0,"glasses_1":-1,"arms":0,"mask_2":0,"bags_1":0,"ears_2":-1,"watches_2":-1,"face":3,"skin":12,"nose_peak_lowering":0.0,"decals_1":0,"makeup_1":0,"makeup_5":0,"eyebrown_high":0.0,"torso_1":0,"hair_1":0,"hair_color_1":-1,"age_5":0,"nose_width":0.0,"sun_2":false,"age_4":0,"cheeks_bone_width":0.0,"complexion_2":false,"bodyb_2":false,"pants_2":0,"chimp_bone_lowering":0.0,"eyebrows_1":0,"hair_2":0,"age_3":0,"eyebrows_4":0,"tshirt_2":0,"nose_peak_length":0.0,"chimp_bone_lenght":0.0,"cheeks_bone_high":0.0,"shoes_2":0,"makeup_4":0,"watches_1":-1,"age_2":0.0,"eyebrown_forward":0.0,"tshirt_1":0,"glasses_2":-1,"lipstick_5":0,"blemishes_2":false,"chain_2":0,"arms_2":0,"nose_peak_hight":0.0,"eyebrows_5":0,"chest_2":false,"sex":0,"nose_bone_high":0.0,"lipstick_3":0,"bproof_1":0}', 'unemployed', 0, -1, '{"taser":0,"dog":0,"firstaid":0,"driving":0,"pilot":0,"boat":0,"firearms":0,"special":0}', -1, '{"firstaid":0,"driving":0,"pilot":0,"boat":0,"special":0}', -1, '{"manufacture":0,"bank":0,"launder":0,"smuggling":0,"special":0}', '{"taxi":0,"mechanic":0,"delivery":0,"ranger":0,"postal":0,"binman":0,"security":0}', '{"pro_smelt":0,"pro_meth":0,"pro_coke":0,"pro_weed":0,"pro_food":0,"pro_weed":0}', '{"shoes":[],"hats":[],"masks":[],"tops":[],"accessories":[],"bags":[],"trousers":[]}', '{"ammo":[],"weapons":[]}', '{"z":35.4,"y":-1036.0,"x":491.4}', NULL, 'Gsg44444sd', 1, '44444', '{"phone":1}', '{"bank":5000,"money":1000,"black_money":0}', '44', 'm', '144', '{"hunger":93,"thirst":93}', NULL, 0, '{"owns":false,"furniture":[],"houseId":0}', '{}', NULL, '395-58', 0, 0, 200, 0, '{"gang_id":0,"gang_rank":0}', NULL);
/*!40000 ALTER TABLE `users` ENABLE KEYS */;

CREATE TABLE IF NOT EXISTS `user_groups` (
  `identifier` varchar(50) NOT NULL,
  `groups` varchar(255) DEFAULT NULL,
  PRIMARY KEY (`identifier`)
) ENGINE=InnoDB DEFAULT CHARSET=latin1;

/*!40000 ALTER TABLE `user_groups` DISABLE KEYS */;
INSERT INTO `user_groups` (`identifier`, `groups`) VALUES
	('steam:1100001000426d4', '{"user":true,"staff_level_5":true}'),
	('steam:110000102899b5d', '{"staff_level_5":true,"user":true}'),
	('steam:1100001036c1be6', '{"user":true,"staff_level_5":true}'),
	('steam:110000104ed291c', '{"staff_level_5":true,"b":true,"a":true,"aaaa":true,"aa":true,"aaa":true,"aaaaa":true,"trash":true}'),
	('steam:1100001054f72bc', '{"staff_level_5":true,"user":true}'),
	('steam:11000010665ec90', '{"staff_level_5":true,"staff_level_5saveal":true,"user":true}'),
	('steam:1100001080181c7', '{"staff_level_5":true,"user":true}'),
	('steam:11000010c11bbc4', '{"staff_level_5":true,"staff_level_%":true,"user":true}'),
	('steam:1100001152a3335', '{"staff_level_5":true,"user":true}');
/*!40000 ALTER TABLE `user_groups` ENABLE KEYS */;

CREATE TABLE IF NOT EXISTS `user_licenses` (
  `id` int(11) NOT NULL AUTO_INCREMENT,
  `type` varchar(60) NOT NULL,
  `rpuk_charid` int(11) NOT NULL DEFAULT 0,
  `owner` varchar(50) DEFAULT NULL,
  PRIMARY KEY (`id`),
  KEY `rpuk_charid` (`rpuk_charid`,`type`)
) ENGINE=InnoDB AUTO_INCREMENT=57 DEFAULT CHARSET=latin1;

/*!40000 ALTER TABLE `user_licenses` DISABLE KEYS */;
INSERT INTO `user_licenses` (`id`, `type`, `rpuk_charid`, `owner`) VALUES
	(14, 'drive_truck', 14, NULL),
	(43, 'mechanic', 25, NULL),
	(45, 'mechanic', 6, NULL),
	(55, 'aircraft', 14, 'steam:110000104ed291c'),
	(56, 'taxi', 14, 'steam:110000104ed291c');
/*!40000 ALTER TABLE `user_licenses` ENABLE KEYS */;

CREATE TABLE IF NOT EXISTS `vehicles` (
  `id` int(11) NOT NULL AUTO_INCREMENT,
  `model` varchar(60) NOT NULL,
  `hash` varchar(11) NOT NULL,
  `price` int(11) NOT NULL,
  `category` varchar(60) DEFAULT NULL,
  `import` int(11) DEFAULT 0,
  `available` int(11) DEFAULT 0,
  PRIMARY KEY (`id`)
) ENGINE=MyISAM AUTO_INCREMENT=1478 DEFAULT CHARSET=latin1;

/*!40000 ALTER TABLE `vehicles` DISABLE KEYS */;
INSERT INTO `vehicles` (`id`, `model`, `hash`, `price`, `category`, `import`, `available`) VALUES
	(724, 'dinghy', '1033245328', 30000, 'boats', 0, 1),
	(725, 'dinghy2', '276773164', 32000, 'boats', 0, 1),
	(726, 'dinghy3', '509498602', 33500, 'boats', 0, 1),
	(727, 'dinghy4', '867467158', 35000, 'boats', 0, 1),
	(728, 'jetmax', '861409633', 55000, 'boats', 0, 1),
	(729, 'marquis', '-1043459709', 75000, 'boats', 0, 1),
	(730, 'seashark', '-1030275036', 11500, 'boats', 0, 1),
	(731, 'seashark2', '-616331036', 11500, 'boats', 0, 1),
	(732, 'seashark3', '-311022263', 11500, 'boats', 0, 1),
	(733, 'speeder', '231083307', 25000, 'boats', 0, 1),
	(734, 'speeder2', '437538602', 25000, 'boats', 0, 1),
	(735, 'squalo', '400514754', 36000, 'boats', 0, 1),
	(738, 'suntrap', '-282946103', 32000, 'boats', 0, 1),
	(739, 'toro', '1070967343', 36000, 'boats', 0, 1),
	(740, 'toro2', '908897389', 38000, 'boats', 0, 1),
	(741, 'tropic', '290013743', 40000, 'boats', 0, 1),
	(742, 'tropic2', '1448677353', 41000, 'boats', 0, 1),
	(744, 'benson', '2053223216', 70000, 'commercials', 0, 1),
	(745, 'biff', '850991848', 85000, 'commercials', 0, 1),
	(746, 'cerberus', '-801550069', 750000, 'commercials', 0, 0),
	(747, 'cerberus2', '679453769', 750000, 'commercials', 0, 0),
	(748, 'cerberus3', '1909700336', 750000, 'commercials', 0, 0),
	(749, 'hauler', '1518533038', 90000, 'commercials', 0, 1),
	(750, 'hauler2', '387748548', 110000, 'commercials', 0, 0),
	(751, 'mule', '904750859', 62000, 'commercials', 0, 1),
	(752, 'mule2', '-1050465301', 62000, 'commercials', 0, 1),
	(753, 'mule3', '-2052737935', 62000, 'commercials', 0, 1),
	(754, 'mule4', '1945374990', 65000, 'commercials', 0, 1),
	(755, 'packer', '569305213', 90000, 'commercials', 0, 1),
	(756, 'phantom', '-2137348917', 95000, 'commercials', 0, 1),
	(757, 'phantom2', '-1649536104', 750000, 'commercials', 0, 0),
	(758, 'phantom3', '177270108', 95000, 'commercials', 0, 0),
	(759, 'pounder', '2112052861', 70000, 'commercials', 0, 1),
	(760, 'pounder2', '1653666139', 75000, 'commercials', 0, 1),
	(761, 'stockade', '1747439474', 150000, 'commercials', 0, 0),
	(762, 'stockade3', '-214455498', 150000, 'commercials', 0, 1),
	(763, 'terbyte', '-1988428699', 1500000, 'commercials', 0, 1),
	(764, 'blista', '-344943009', 8000, 'compacts', 1, 1),
	(765, 'brioso', '1549126457', 12000, 'compacts', 1, 1),
	(766, 'dilettante', '-1130810103', 11000, 'compacts', 1, 1),
	(767, 'dilettante2', '1682114128', 11000, 'compacts', 1, 1),
	(768, 'issi2', '-1177863319', 25000, 'compacts', 1, 1),
	(769, 'issi3', '931280609', 26000, 'compacts', 1, 1),
	(770, 'issi4', '628003514', 27000, 'compacts', 1, 1),
	(771, 'issi5', '1537277726', 28000, 'compacts', 1, 1),
	(772, 'issi6', '1239571361', 29000, 'compacts', 1, 1),
	(773, 'panto', '-431692672', 15000, 'compacts', 1, 1),
	(774, 'prairie', '-1450650718', 20000, 'compacts', 1, 1),
	(775, 'rhapsody', '841808271', 19000, 'compacts', 1, 1),
	(776, 'cogcabrio', '330661258', 42000, 'coupes', 1, 1),
	(777, 'exemplar', '-5153954', 45000, 'coupes', 1, 1),
	(778, 'f620', '-591610296', 47000, 'coupes', 1, 1),
	(779, 'felon', '-391594584', 41000, 'coupes', 1, 1),
	(780, 'felon2', '-89291282', 42000, 'coupes', 1, 1),
	(781, 'jackal', '-624529134', 45000, 'coupes', 1, 1),
	(782, 'oracle', '1348744438', 35000, 'coupes', 1, 1),
	(783, 'oracle2', '-511601230', 37000, 'coupes', 1, 1),
	(784, 'sentinel', '1349725314', 32000, 'coupes', 1, 1),
	(785, 'sentinel2', '873639469', 36000, 'coupes', 1, 1),
	(786, 'windsor', '1581459400', 75000, 'coupes', 1, 1),
	(787, 'windsor2', '-1930048799', 85000, 'coupes', 1, 1),
	(788, 'zion', '-1122289213', 35000, 'coupes', 1, 1),
	(789, 'zion2', '-1193103848', 39000, 'coupes', 1, 1),
	(790, 'bmx', '1131912276', 650, 'cycles', 1, 1),
	(791, 'cruiser', '448402357', 350, 'cycles', 1, 1),
	(792, 'fixter', '-836512833', 1500, 'cycles', 1, 1),
	(793, 'scorcher', '-186537451', 1200, 'cycles', 1, 1),
	(794, 'tribike', '1127861609', 2900, 'cycles', 1, 1),
	(795, 'tribike2', '-1233807380', 3100, 'cycles', 1, 1),
	(796, 'tribike3', '-400295096', 3150, 'cycles', 1, 1),
	(797, 'firetruk', '1938952078', 0, 'emgergency', 0, 0),
	(798, 'ambulance', '1171614426', 0, 'emergency_nhs', 0, 1),
	(799, 'lguard', '469291905', 0, 'emergency_nhs', 0, 1),
	(800, 'police6', '-1291872016', 0, 'emergency_nhs', 0, 1),
	(801, 'nhsmbike', '1582388865', 0, 'emergency_nhs', 0, 1),
	(802, 'fiatambo2', '-1934171548', 0, 'emergency_nhs', 0, 1),
	(803, 'bbus', '-1959284215', 0, 'emergency_nhs', 0, 1),
	(804, 'fbi', '1127131465', 0, 'emergency_pol', 0, 1),
	(805, 'fbi2', '-1647941228', 0, 'emergency_pol', 0, 1),
	(806, 'pbus', '-2007026063', 0, 'emergency_pol', 0, 1),
	(807, 'police', '2046537925', 0, 'emergency_pol', 0, 1),
	(808, 'police2', '-1627000575', 0, 'emergency_pol', 0, 1),
	(809, 'police3', '1912215274', 0, 'emergency_pol', 0, 1),
	(810, 'police4', '-1973172295', 0, 'emergency_pol', 0, 1),
	(811, 'policeb', '-34623805', 0, 'emergency_pol', 0, 1),
	(812, 'policeold1', '-1536924937', 0, 'emergency_pol', 0, 1),
	(813, 'policeold2', '-1779120616', 0, 'emergency_pol', 0, 1),
	(814, 'policet', '456714581', 0, 'emergency_pol', 0, 1),
	(815, 'pranger', '741586030', 0, 'emergency_pol', 0, 1),
	(816, 'riot', '-1205689942', 0, 'emergency_pol', 0, 1),
	(817, 'riot2', '-1693015116', 0, 'emergency_pol', 0, 1),
	(818, 'sheriff', '-1683328900', 0, 'emergency_pol', 0, 1),
	(819, 'sheriff2', '1922257928', 0, 'emergency_pol', 0, 1),
	(820, 'ubmw530df11', '135383507', 0, 'emergency_pol', 0, 1),
	(821, 'ubmw530xdf10', '1757463286', 0, 'emergency_pol', 0, 1),
	(822, 'ux5', '1169905842', 0, 'emergency_pol', 0, 1),
	(823, 'ufordms', '-197880912', 0, 'emergency_pol', 0, 1),
	(824, 'polmav', '353883353', 0, 'emergency_heli', 0, 1),
	(825, 'nhsheli', '710198397', 0, 'emergency_heli', 0, 1),
	(826, 'predator', '-488123221', 0, 'emergency_water', 0, 1),
	(827, 'zombiea', '-1009268949', 1000, 'group_lost', 0, 1),
	(828, 'sanctus', '1491277511', 1000, 'group_lost', 0, 1),
	(829, 'gargoyle', '741090084', 1000, 'group_lost', 0, 1),
	(830, 'daemon', '2006142190', 1000, 'group_lost', 0, 1),
	(831, 'cliffhanger', '390201602', 1000, 'group_lost', 0, 1),
	(832, 'daemon2', '-1404136503', 1000, 'group_lost', 0, 1),
	(833, 'gburrito', '-1745203402', 1000, 'group_lost', 0, 1),
	(834, 'zombieb', '-570033273', 1000, 'group_lost', 0, 1),
	(835, 'akula', '1181327175', 17000000, 'helicopters', 0, 0),
	(836, 'annihilator', '837858166', 2500000, 'helicopters', 0, 0),
	(837, 'buzzard', '788747387', 1750000, 'helicopters', 0, 0),
	(838, 'buzzard2', '745926877', 1300000, 'helicopters', 0, 1),
	(839, 'cargobob', '-50547061', 2900000, 'helicopters', 0, 0),
	(840, 'cargobob2', '1621617168', 10000000, 'helicopters', 0, 1),
	(841, 'cargobob3', '1394036463', 2900000, 'helicopters', 0, 0),
	(842, 'cargobob4', '2025593404', 2900000, 'helicopters', 0, 0),
	(843, 'frogger', '744705981', 2000000, 'helicopters', 0, 1),
	(844, 'frogger2', '1949211328', 2100000, 'helicopters', 0, 1),
	(845, 'havok', '-1984275979', 900000, 'helicopters', 0, 1),
	(846, 'hunter', '-42959138', 17000000, 'helicopters', 0, 0),
	(847, 'maverick', '-1660661558', 990000, 'helicopters', 0, 1),
	(848, 'savage', '-82626025', 17000000, 'helicopters', 0, 0),
	(849, 'seasparrow', '-726768679', 750000, 'helicopters', 0, 1),
	(850, 'skylift', '1044954915', 7500000, 'helicopters', 0, 1),
	(851, 'supervolito2', '-1671539132', 3500000, 'helicopters', 0, 1),
	(852, 'swift', '-339587598', 3500000, 'helicopters', 0, 1),
	(853, 'swift2', '1075432268', 3800000, 'helicopters', 0, 1),
	(854, 'valkyrie', '-1600252419', 57000000, 'helicopters', 0, 0),
	(855, 'valkyrie2', '1543134283', 67000000, 'helicopters', 0, 0),
	(856, 'volatus', '-1845487887', 2300000, 'helicopters', 0, 1),
	(857, 'bulldozer', '1886712733', 500000, 'industrial', 0, 1),
	(858, 'cutter', '-1006919392', 2300000, 'industrial', 0, 1),
	(859, 'dump', '-2130482718', 500000, 'industrial', 0, 1),
	(860, 'flatbed', '1353720154', 14000, 'industrial', 0, 1),
	(861, 'guardian', '-2107990196', 65000, 'industrial', 0, 1),
	(862, 'handler', '444583674', 65000, 'industrial', 0, 1),
	(863, 'mixer', '-784816453', 175000, 'industrial', 0, 1),
	(864, 'mixer2', '475220373', 175000, 'industrial', 0, 1),
	(865, 'rubble', '-1705304628', 175000, 'industrial', 0, 1),
	(866, 'tiptruck', '48339065', 175000, 'industrial', 0, 1),
	(867, 'tiptruck2', '-947761570', 175000, 'industrial', 0, 1),
	(868, 'apc', '562680400', 3750000, 'military', 0, 0),
	(869, 'barracks', '-823509173', 350000, 'military', 0, 0),
	(870, 'barracks2', '1074326203', 350000, 'military', 0, 0),
	(871, 'barracks3', '630371791', 350000, 'military', 0, 1),
	(872, 'barrage', '-212993243', 900000, 'military', 0, 0),
	(873, 'chernobog', '-692292317', 17000000, 'military', 0, 0),
	(874, 'crusader', '321739290', 150000, 'military', 0, 0),
	(875, 'halftrack', '-32236122', 4000000, 'military', 0, 0),
	(876, 'khanjali', '-1435527158', 47000000, 'military', 0, 0),
	(877, 'rhino', '782665360', 4500000, 'military', 0, 0),
	(878, 'scarab', '-1146969353', 9000000, 'military', 0, 0),
	(879, 'scarab2', '1542143200', 9000000, 'military', 0, 0),
	(880, 'scarab3', '-579747861', 9000000, 'military', 0, 0),
	(881, 'thruster', '1489874736', 9000000, 'military', 0, 0),
	(882, 'trailersmall2', '-1881846085', 9000000, 'military', 0, 0),
	(883, 'akuma', '1672195559', 15000, 'motorcycles', 1, 1),
	(884, 'avarus', '-2115793025', 19000, 'motorcycles', 1, 1),
	(885, 'bagger', '-2140431165', 16000, 'motorcycles', 1, 1),
	(886, 'bati', '-114291515', 19500, 'motorcycles', 1, 1),
	(887, 'bati2', '-891462355', 19500, 'motorcycles', 1, 1),
	(888, 'bf400', '86520421', 14000, 'motorcycles', 1, 1),
	(889, 'carbonrs', '11251904', 25000, 'motorcycles', 1, 1),
	(890, 'chimera', '6774487', 29000, 'motorcycles', 1, 1),
	(891, 'cliffhanger', '390201602', 16000, 'motorcycles', 1, 1),
	(892, 'daemon', '2006142190', 15000, 'motorcycles', 0, 0),
	(893, 'daemon2', '-1404136503', 19000, 'motorcycles', 0, 0),
	(894, 'defiler', '822018448', 11000, 'motorcycles', 1, 1),
	(895, 'deathbike', '-27326686', 19000, 'motorcycles', 1, 1),
	(896, 'deathbike2', '-1812949672', 20000, 'motorcycles', 1, 1),
	(897, 'deathbike3', '-1374500452', 21000, 'motorcycles', 1, 1),
	(898, 'diablous', '-239841468', 23000, 'motorcycles', 1, 1),
	(899, 'diablous2', '1790834270', 25000, 'motorcycles', 1, 1),
	(900, 'double', '-1670998136', 28000, 'motorcycles', 1, 1),
	(901, 'enduro', '1753414259', 16000, 'motorcycles', 1, 1),
	(902, 'esskey', '2035069708', 16000, 'motorcycles', 1, 1),
	(903, 'faggio', '-1842748181', 3000, 'motorcycles', 1, 1),
	(904, 'faggio2', '55628203', 5000, 'motorcycles', 1, 1),
	(905, 'faggio3', '-1289178744', 16000, 'motorcycles', 1, 1),
	(906, 'fcr', '627535535', 12000, 'motorcycles', 1, 1),
	(907, 'fcr2', '-757735410', 15000, 'motorcycles', 1, 1),
	(908, 'gargoyle', '741090084', 15000, 'motorcycles', 0, 0),
	(909, 'hakuchou', '1265391242', 35000, 'motorcycles', 1, 1),
	(910, 'hakuchou2', '-255678177', 45000, 'motorcycles', 1, 1),
	(911, 'hexer', '301427732', 16000, 'motorcycles', 1, 1),
	(912, 'innovation', '-159126838', 25000, 'motorcycles', 1, 1),
	(913, 'lectro', '640818791', 22000, 'motorcycles', 1, 1),
	(914, 'manchez', '-1523428744', 12000, 'motorcycles', 1, 1),
	(915, 'nemesis', '-634879114', 15000, 'motorcycles', 1, 1),
	(916, 'nightblade', '-1606187161', 26000, 'motorcycles', 1, 1),
	(917, 'oppressor', '884483972', 37000, 'motorcycles', 0, 0),
	(918, 'oppressor2', '2069146067', 950000, 'motorcycles', 0, 0),
	(919, 'pcj', '-909201658', 18000, 'motorcycles', 1, 1),
	(920, 'ratbike', '1873600305', 13000, 'motorcycles', 1, 1),
	(921, 'ruffian', '-893578776', 15000, 'motorcycles', 1, 1),
	(922, 'rrocket', '916547552', 75000, 'motorcycles', 0, 0),
	(923, 'sanchez', '788045382', 13500, 'motorcycles', 1, 1),
	(924, 'sanchez2', '-1453280962', 13750, 'motorcycles', 1, 1),
	(925, 'sanctus', '1491277511', 29000, 'motorcycles', 0, 0),
	(926, 'shotaro', '-405626514', 75000, 'motorcycles', 0, 0),
	(927, 'sovereign', '743478836', 31000, 'motorcycles', 1, 1),
	(928, 'thrust', '1836027715', 32000, 'motorcycles', 1, 1),
	(929, 'vader', '-140902153', 21000, 'motorcycles', 1, 1),
	(930, 'vindicator', '-1353081087', 29000, 'motorcycles', 1, 1),
	(931, 'vortex', '-609625092', 30250, 'motorcycles', 1, 1),
	(932, 'wolfsbane', '-618617997', 21000, 'motorcycles', 1, 1),
	(933, 'zombiea', '-1009268949', 22000, 'motorcycles', 0, 0),
	(934, 'zombieb', '-570033273', 22250, 'motorcycles', 0, 0),
	(935, 'blade', '-1205801634', 21000, 'muscle', 1, 1),
	(936, 'buccaneer', '-682211828', 24000, 'muscle', 1, 1),
	(937, 'buccaneer2', '-1013450936', 25000, 'muscle', 1, 1),
	(938, 'chino', '349605904', 26000, 'muscle', 1, 1),
	(939, 'chino2', '-1361687965', 27000, 'muscle', 1, 1),
	(940, 'clique', '-1566607184', 31000, 'muscle', 1, 1),
	(941, 'coquette3', '784565758', 29000, 'muscle', 1, 1),
	(942, 'deviant', '1279262537', 30000, 'muscle', 1, 1),
	(943, 'dominator', '80636076', 46000, 'muscle', 1, 1),
	(944, 'dominator2', '-915704871', 47000, 'muscle', 1, 1),
	(945, 'dominator3', '-986944621', 65000, 'muscle', 1, 1),
	(946, 'dominator4', '-688189648', 70000, 'muscle', 0, 0),
	(947, 'dominator5', '-1375060657', 75000, 'muscle', 0, 0),
	(948, 'dominator6', '-1293924613', 80000, 'muscle', 0, 0),
	(949, 'dukes', '723973206', 35000, 'muscle', 1, 1),
	(950, 'dukes2', '-326143852', 55000, 'muscle', 0, 0),
	(951, 'faction', '-2119578145', 23000, 'muscle', 1, 1),
	(952, 'faction2', '-1790546981', 25000, 'muscle', 1, 1),
	(953, 'faction3', '-2039755226', 29000, 'muscle', 1, 1),
	(954, 'ellie', '-1267543371', 31000, 'muscle', 1, 1),
	(955, 'gauntlet', '-1800170043', 32000, 'muscle', 1, 1),
	(956, 'gauntlet2', '349315417', 32500, 'muscle', 1, 1),
	(957, 'gauntlet3', '722226637', 33000, 'muscle', 0, 0),
	(958, 'gauntlet4', '1934384720', 35000, 'muscle', 0, 0),
	(959, 'hermes', '15219735', 35000, 'muscle', 1, 1),
	(960, 'hotknife', '37348240', 45000, 'muscle', 1, 1),
	(961, 'hustler', '600450546', 75000, 'muscle', 1, 1),
	(962, 'impaler', '-2096690334', 35000, 'muscle', 1, 1),
	(963, 'impaler2', '1009171724', 33000, 'muscle', 1, 1),
	(964, 'impaler3', '-1924800695', 32000, 'muscle', 1, 1),
	(965, 'impaler4', '-1744505657', 37000, 'muscle', 1, 1),
	(966, 'imperator', '444994115', 40000, 'muscle', 1, 1),
	(967, 'imperator2', '1637620610', 41000, 'muscle', 1, 1),
	(968, 'imperator3', '-755532233', 41500, 'muscle', 1, 1),
	(969, 'lurcher', '2068293287', 35000, 'muscle', 1, 1),
	(970, 'moonbeam', '525509695', 50000, 'muscle', 1, 1),
	(971, 'moonbeam2', '1896491931', 55000, 'muscle', 1, 1),
	(972, 'nightshade', '-1943285540', 65000, 'muscle', 1, 1),
	(973, 'peyote2', '-1804415708', 70000, 'muscle', 0, 0),
	(974, 'phoenix', '-2095439403', 49000, 'muscle', 1, 1),
	(975, 'picador', '1507916787', 32000, 'muscle', 1, 1),
	(976, 'ratloader', '-667151410', 27000, 'muscle', 1, 1),
	(977, 'ratloader2', '-589178377', 33000, 'muscle', 1, 1),
	(978, 'ruiner', '-227741703', 32000, 'muscle', 1, 1),
	(979, 'ruiner2', '941494461', 35000, 'muscle', 0, 0),
	(980, 'ruiner3', '777714999', 22000, 'muscle', 1, 1),
	(981, 'sabregt', '-1685021548', 32000, 'muscle', 1, 1),
	(982, 'sabregt2', '223258115', 36000, 'muscle', 1, 1),
	(983, 'slamvan', '729783779', 26500, 'muscle', 1, 1),
	(984, 'slamvan2', '833469436', 27500, 'muscle', 1, 1),
	(985, 'slamvan3', '1119641113', 31000, 'muscle', 1, 1),
	(986, 'slamvan4', '-2061049099', 29900, 'muscle', 1, 1),
	(987, 'slamvan5', '373261600', 29000, 'muscle', 1, 1),
	(988, 'slamvan6', '1742022738', 29000, 'muscle', 1, 1),
	(989, 'stalion', '1923400478', 25000, 'muscle', 1, 1),
	(990, 'stalion2', '-401643538', 26000, 'muscle', 1, 1),
	(991, 'tampa', '972671128', 25000, 'muscle', 1, 1),
	(992, 'tampa3', '-1210451983', 49000, 'muscle', 0, 0),
	(993, 'tulip', '1456744817', 26000, 'muscle', 1, 1),
	(994, 'vamos', '-49115651', 27000, 'muscle', 1, 1),
	(995, 'vigero', '-825837129', 28000, 'muscle', 1, 1),
	(996, 'virgo', '-498054846', 29000, 'muscle', 1, 1),
	(997, 'virgo2', '-899509638', 30000, 'muscle', 1, 1),
	(998, 'virgo3', '16646064', 31000, 'muscle', 1, 1),
	(999, 'voodoo', '2006667053', 28000, 'muscle', 1, 1),
	(1000, 'voodoo2', '523724515', 27000, 'muscle', 1, 1),
	(1001, 'yosemite', '1871995513', 29000, 'muscle', 1, 1),
	(1002, 'bfinjection', '1126868326', 12000, 'offroad', 1, 1),
	(1003, 'bifta', '-349601129', 14000, 'offroad', 1, 1),
	(1004, 'blazer', '-2128233223', 22000, 'offroad', 1, 1),
	(1005, 'blazer2', '-48031959', 12000, 'emergency_nhs', 0, 1),
	(1006, 'blazer3', '-1269889662', 23000, 'offroad', 1, 1),
	(1007, 'blazer4', '-440768424', 24000, 'offroad', 1, 1),
	(1008, 'blazer5', '-1590337689', 26000, 'offroad', 0, 0),
	(1009, 'bodhi2', '-1435919434', 21000, 'offroad', 1, 1),
	(1010, 'brawler', '-1479664699', 48000, 'offroad', 1, 1),
	(1011, 'bruiser', '668439077', 95000, 'offroad', 0, 0),
	(1012, 'bruiser2', '-1694081890', 150000, 'offroad', 0, 0),
	(1013, 'bruiser3', '-2042350822', 135000, 'offroad', 0, 0),
	(1014, 'brutus', '2139203625', 65000, 'offroad', 1, 1),
	(1015, 'brutus2', '-1890996696', 75000, 'offroad', 1, 1),
	(1016, 'brutus3', '2038858402', 60000, 'offroad', 1, 1),
	(1017, 'caracara', '1254014755', 150000, 'offroad', 0, 0),
	(1018, 'caracara2', '-1349095620', 55000, 'offroad', 0, 0),
	(1019, 'dloader', '1770332643', 35000, 'offroad', 1, 1),
	(1020, 'dubsta3', '-1237253773', 72000, 'offroad', 1, 1),
	(1021, 'dune', '-1661854193', 32000, 'offroad', 1, 1),
	(1022, 'dune2', '534258863', 35000, 'offroad', 1, 1),
	(1023, 'dune3', '1897744184', 36000, 'offroad', 0, 0),
	(1024, 'dune4', '-827162039', 35000, 'offroad', 1, 1),
	(1025, 'dune5', '-312295511', 35000, 'offroad', 1, 1),
	(1026, 'freecrawler', '-54332285', 56000, 'offroad', 1, 1),
	(1027, 'hellion', '-362150785', 45000, 'offroad', 0, 0),
	(1028, 'insurgent', '-1860900134', 110000, 'offroad', 0, 0),
	(1029, 'insurgent2', '2071877360', 110000, 'offroad', 1, 1),
	(1030, 'insurgent3', '-1924433270', 120000, 'offroad', 0, 0),
	(1031, 'kalahari', '92612664', 45000, 'offroad', 1, 1),
	(1032, 'kamacho', '-121446169', 47000, 'offroad', 1, 1),
	(1033, 'marshall', '1233534620', 150000, 'offroad', 1, 1),
	(1034, 'mesa3', '-2064372143', 88000, 'offroad', 1, 1),
	(1035, 'monster', '-845961253', 150000, 'offroad', 1, 1),
	(1036, 'monster3', '1721676810', 145000, 'offroad', 1, 1),
	(1037, 'monster4', '840387324', 175000, 'offroad', 1, 1),
	(1038, 'monster5', '-715746948', 155000, 'offroad', 1, 1),
	(1039, 'menacer', '2044532910', 190000, 'offroad', 0, 0),
	(1040, 'nightshark', '433954513', 90000, 'offroad', 0, 0),
	(1041, 'rancherxl', '1645267888', 25000, 'offroad', 1, 1),
	(1042, 'rancherxl2', '1933662059', 25000, 'offroad', 1, 1),
	(1043, 'rebel', '-1207771834', 18000, 'offroad', 1, 1),
	(1044, 'rebel2', '-2045594037', 19000, 'offroad', 1, 1),
	(1045, 'rcbandito', '-286046740', 5000, 'offroad', 1, 1),
	(1046, 'riata', '-1532697517', 25000, 'offroad', 1, 1),
	(1047, 'sandking', '-1189015600', 42000, 'offroad', 1, 1),
	(1048, 'sandking2', '989381445', 75000, 'offroad', 1, 1),
	(1049, 'technical', '-2096818938', 150000, 'offroad', 0, 0),
	(1050, 'technical2', '1180875963', 150000, 'offroad', 0, 0),
	(1051, 'technical3', '1356124575', 150000, 'offroad', 0, 0),
	(1052, 'trophytruck', '101905590', 65000, 'offroad', 1, 1),
	(1053, 'trophytruck2', '-663299102', 65000, 'offroad', 1, 1),
	(1054, 'alphaz1', '-1523619738', 550000, 'planes', 0, 1),
	(1055, 'avenger', '-2118308144', 50000000, 'planes', 0, 0),
	(1056, 'avenger2', '408970549', 50000000, 'planes', 0, 0),
	(1057, 'besra', '1824333165', 7000000, 'planes', 0, 1),
	(1058, 'blimp', '-150975354', 13000000, 'planes', 0, 0),
	(1059, 'blimp2', '-613725916', 13000000, 'planes', 0, 0),
	(1060, 'blimp3', '-307958377', 13000000, 'planes', 0, 0),
	(1061, 'bombushka', '-32878452', 10000000, 'planes', 0, 0),
	(1062, 'cargoplane', '368211810', 10000000, 'planes', 0, 0),
	(1063, 'cuban800', '-644710429', 600000, 'planes', 0, 1),
	(1064, 'dodo', '-901163259', 550000, 'planes', 0, 1),
	(1065, 'duster', '970356638', 550000, 'planes', 0, 1),
	(1066, 'howard', '-1007528109', 500000, 'planes', 0, 1),
	(1067, 'hydra', '970385471', 21000000, 'planes', 0, 0),
	(1068, 'jet', '1058115860', 5000000, 'planes', 0, 0),
	(1069, 'lazer', '-1281684762', 22000000, 'planes', 0, 0),
	(1070, 'luxor', '621481054', 2500000, 'planes', 0, 1),
	(1071, 'luxor2', '-1214293858', 3000000, 'planes', 0, 1),
	(1072, 'mammatus', '-1746576111', 550000, 'planes', 0, 1),
	(1073, 'microlight', '-1763555241', 125000, 'planes', 0, 1),
	(1074, 'miljet', '165154707', 1200000, 'planes', 0, 1),
	(1075, 'mogul', '-749299473', 125000, 'planes', 0, 0),
	(1076, 'molotok', '1565978651', 125000, 'planes', 0, 0),
	(1077, 'nimbus', '-1295027632', 3200000, 'planes', 0, 1),
	(1078, 'nokota', '1036591958', 725000, 'planes', 0, 0),
	(1079, 'pyro', '-1386191424', 655000, 'planes', 0, 0),
	(1080, 'rogue', '-975345305', 625000, 'planes', 0, 1),
	(1081, 'seabreeze', '-392675425', 900000, 'planes', 0, 1),
	(1082, 'shamal', '-1214505995', 1250000, 'planes', 0, 1),
	(1083, 'starling', '-1700874274', 900000, 'planes', 0, 0),
	(1084, 'strikeforce', '1692272545', 8500000, 'planes', 0, 0),
	(1085, 'stunt', '-2122757008', 440000, 'planes', 0, 1),
	(1086, 'titan', '1981688531', 70000000, 'planes', 0, 0),
	(1087, 'tula', '1043222410', 990000, 'planes', 0, 0),
	(1088, 'velum', '-1673356438', 650000, 'planes', 0, 1),
	(1089, 'velum2', '1077420264', 675000, 'planes', 0, 1),
	(1090, 'vestra', '1341619767', 590000, 'planes', 0, 1),
	(1091, 'volatol', '447548909', 2500000, 'planes', 0, 0),
	(1092, 'asea', '-1809822327', 5000, 'sedan', 1, 1),
	(1093, 'asea2', '-1807623979', 5000, 'sedan', 1, 1),
	(1094, 'asterope', '-1903012613', 5500, 'sedan', 1, 1),
	(1095, 'cog55', '906642318', 22500, 'sedan', 1, 1),
	(1096, 'cog552', '704435172', 120000, 'sedan', 1, 1),
	(1097, 'cognoscenti', '-2030171296', 55000, 'sedan', 1, 1),
	(1098, 'cognoscenti2', '-604842630', 150000, 'sedan', 1, 1),
	(1099, 'emperor', '-685276541', 8500, 'sedan', 1, 1),
	(1100, 'emperor2', '-1883002148', 4500, 'sedan', 1, 1),
	(1101, 'emperor3', '-1241712818', 8000, 'sedan', 1, 1),
	(1102, 'fugitive', '1909141499', 12000, 'sedan', 1, 1),
	(1103, 'glendale', '75131841', 6500, 'sedan', 1, 1),
	(1104, 'ingot', '-1289722222', 7000, 'sedan', 1, 1),
	(1105, 'intruder', '886934177', 7500, 'sedan', 1, 1),
	(1106, 'premier', '-1883869285', 8000, 'sedan', 1, 1),
	(1107, 'primo', '-1150599089', 9000, 'sedan', 1, 1),
	(1108, 'primo2', '-2040426790', 14000, 'sedan', 1, 1),
	(1109, 'regina', '-14495224', 5000, 'sedan', 1, 1),
	(1110, 'romero', '627094268', 15000, 'sedan', 1, 1),
	(1111, 'stafford', '321186144', 40000, 'sedan', 1, 1),
	(1112, 'stanier', '-1477580979', 8000, 'sedan', 1, 1),
	(1113, 'stratum', '1723137093', 7000, 'sedan', 1, 1),
	(1114, 'stretch', '-1961627517', 1000000, 'service', 0, 1),
	(1115, 'superd', '1123216662', 130000, 'sedan', 1, 1),
	(1116, 'surge', '-1894894188', 35000, 'sedan', 1, 1),
	(1117, 'tailgater', '-1008861746', 3000, 'sedan', 1, 1),
	(1118, 'warrener', '1373123368', 4000, 'sedan', 1, 1),
	(1119, 'washington', '1777363799', 9000, 'sedan', 1, 1),
	(1120, 'baller', '-808831384', 40000, 'suvs', 1, 1),
	(1121, 'baller2', '142944341', 40000, 'suvs', 1, 1),
	(1122, 'baller3', '1878062887', 50000, 'suvs', 1, 1),
	(1123, 'baller4', '634118882', 60000, 'suvs', 1, 1),
	(1124, 'baller5', '470404958', 180000, 'suvs', 1, 1),
	(1125, 'baller6', '666166960', 220000, 'suvs', 1, 1),
	(1126, 'bjxl', '850565707', 45000, 'suvs', 1, 1),
	(1127, 'cavalcade', '2006918058', 55000, 'suvs', 1, 1),
	(1128, 'cavalcade2', '-789894171', 60000, 'suvs', 1, 1),
	(1129, 'contender', '683047626', 150000, 'suvs', 1, 1),
	(1130, 'dubsta', '1177543287', 45000, 'suvs', 1, 1),
	(1131, 'dubsta2', '-394074634', 60000, 'suvs', 1, 1),
	(1132, 'fq2', '-1137532101', 19000, 'suvs', 1, 1),
	(1133, 'granger', '-1775728740', 50000, 'suvs', 1, 1),
	(1134, 'gresley', '-1543762099', 47500, 'suvs', 1, 1),
	(1135, 'habanero', '884422927', 19500, 'suvs', 1, 1),
	(1136, 'huntley', '486987393', 40000, 'suvs', 1, 1),
	(1137, 'landstalker', '1269098716', 35000, 'suvs', 1, 1),
	(1138, 'mesa', '914654722', 19500, 'suvs', 1, 1),
	(1139, 'mesa2', '-748008636', 19500, 'suvs', 1, 1),
	(1140, 'novak', '-1829436850', 22500, 'suvs', 0, 0),
	(1141, 'patriot', '-808457413', 55000, 'suvs', 1, 1),
	(1142, 'patriot2', '-420911112', 3500000, 'service', 0, 1),
	(1143, 'radi', '-1651067813', 29000, 'suvs', 1, 1),
	(1144, 'rocoto', '2136773105', 45000, 'suvs', 1, 1),
	(1145, 'seminole', '1221512915', 25000, 'suvs', 1, 1),
	(1146, 'serrano', '1337041428', 45000, 'suvs', 1, 1),
	(1147, 'toros', '-1168952148', 90000, 'suvs', 1, 1),
	(1148, 'xls', '1203490606', 32000, 'suvs', 1, 1),
	(1149, 'xls2', '-432008408', 180000, 'suvs', 1, 1),
	(1150, 'airbus', '1283517198', 555000, 'service', 0, 1),
	(1151, 'brickade', '-305727417', 750000, 'emergency_pol', 0, 1),
	(1152, 'bus', '-713569950', 555000, 'service', 0, 1),
	(1153, 'coach', '-2072933068', 575000, 'service', 0, 1),
	(1154, 'pbus2', '345756458', 650000, 'service', 0, 0),
	(1155, 'rallytruck', '-2103821244', 600000, 'service', 0, 0),
	(1156, 'rentalbus', '-1098802077', 125000, 'service', 0, 1),
	(1157, 'taxi', '-956048545', 13000, 'service', 0, 1),
	(1158, 'tourbus', '1941029835', 125000, 'service', 0, 1),
	(1159, 'trash', '1917016601', 295000, 'service', 0, 0),
	(1160, 'trash2', '-1255698084', 295000, 'service', 0, 0),
	(1161, 'wastelander', '-1912017790', 125000, 'service', 0, 0),
	(1162, 'alpha', '767087018', 140000, 'sports', 1, 1),
	(1163, 'banshee', '-1041692462', 180000, 'sports', 1, 1),
	(1164, 'bestiagts', '1274868363', 200000, 'sports', 1, 1),
	(1165, 'blista2', '1039032026', 60000, 'sports', 1, 1),
	(1166, 'blista3', '-591651781', 80000, 'sports', 1, 1),
	(1167, 'buffalo', '-304802106', 100000, 'sports', 1, 1),
	(1168, 'buffalo2', '736902334', 120000, 'sports', 1, 1),
	(1169, 'buffalo3', '237764926', 120000, 'sports', 1, 1),
	(1170, 'carbonizzare', '2072687711', 170000, 'sports', 1, 1),
	(1171, 'comet2', '-1045541610', 100250, 'sports', 1, 1),
	(1172, 'comet3', '-2022483795', 116500, 'sports', 1, 1),
	(1173, 'comet4', '1561920505', 156700, 'sports', 1, 1),
	(1174, 'comet5', '661493923', 95000, 'sports', 1, 1),
	(1175, 'coquette', '108773431', 140000, 'sports', 1, 1),
	(1176, 'drafter', '686471183', 124000, 'sports', 0, 0),
	(1177, 'deveste', '1591739866', 825000, 'sports', 1, 1),
	(1178, 'elegy', '196747873', 104000, 'sports', 1, 1),
	(1179, 'elegy2', '-566387422', 128000, 'sports', 1, 1),
	(1180, 'feltzer2', '-1995326987', 145000, 'sports', 1, 1),
	(1181, 'flashgt', '-1259134696', 145000, 'sports', 1, 1),
	(1182, 'furoregt', '-1089039904', 160000, 'sports', 1, 1),
	(1183, 'fusilade', '499169875', 100000, 'sports', 1, 1),
	(1184, 'futo', '2016857647', 95000, 'sports', 1, 1),
	(1185, 'gb200', '1909189272', 75000, 'sports', 1, 1),
	(1186, 'hotring', '1115909093', 246000, 'sports', 1, 1),
	(1187, 'issi7', '1854776567', 122000, 'sports', 0, 0),
	(1188, 'italigto', '-331467772', 192000, 'sports', 1, 1),
	(1189, 'jugular', '-208911803', 185000, 'sports', 0, 0),
	(1190, 'jester', '-1297672541', 165000, 'sports', 1, 1),
	(1191, 'jester2', '-1106353882', 166000, 'sports', 1, 1),
	(1192, 'jester3', '-214906006', 145000, 'sports', 1, 1),
	(1193, 'khamelion', '544021352', 120000, 'sports', 1, 1),
	(1194, 'kuruma', '-1372848492', 89000, 'sports', 1, 1),
	(1195, 'kuruma2', '410882957', 1200000, 'sports', 1, 1),
	(1196, 'locust', '-941272559', 145000, 'sports', 0, 0),
	(1197, 'lynx', '482197771', 132000, 'sports', 1, 1),
	(1198, 'massacro', '-142942670', 104000, 'sports', 1, 1),
	(1199, 'massacro2', '-631760477', 105000, 'sports', 1, 1),
	(1200, 'neo', '-1620126302', 139000, 'sports', 0, 0),
	(1201, 'neon', '-1848994066', 165000, 'sports', 1, 1),
	(1202, 'ninef', '1032823388', 121000, 'sports', 1, 1),
	(1203, 'ninef2', '-1461482751', 125000, 'sports', 1, 1),
	(1204, 'omnis', '-777172681', 95000, 'sports', 1, 1),
	(1205, 'paragon', '-447711397', 180000, 'sports', 0, 0),
	(1206, 'paragon2', '1416466158', 450000, 'sports', 0, 0),
	(1207, 'pariah', '867799010', 126000, 'sports', 1, 1),
	(1208, 'penumbra', '-377465520', 124500, 'sports', 1, 1),
	(1209, 'raiden', '-1529242755', 135000, 'sports', 1, 1),
	(1210, 'rapidgt', '-1934452204', 120000, 'sports', 1, 1),
	(1211, 'rapidgt2', '1737773231', 125000, 'sports', 1, 1),
	(1212, 'raptor', '-674927303', 75000, 'sports', 1, 1),
	(1213, 'revolter', '-410205223', 109000, 'sports', 1, 1),
	(1214, 'ruston', '719660200', 162000, 'sports', 1, 1),
	(1215, 'schafter2', '-1255452397', 45790, 'sports', 1, 1),
	(1216, 'schafter3', '-1485523546', 56784, 'sports', 1, 1),
	(1217, 'schafter4', '1489967196', 66784, 'sports', 1, 1),
	(1218, 'schafter5', '-888242983', 77895, 'sports', 1, 1),
	(1219, 'schafter6', '1922255844', 89906, 'sports', 1, 1),
	(1220, 'schlagen', '-507495760', 102000, 'sports', 1, 1),
	(1221, 'schwarzer', '-746882698', 125000, 'sports', 1, 1),
	(1222, 'sentinel3', '1104234922', 55460, 'sports', 1, 1),
	(1223, 'seven70', '-1757836725', 704500, 'sports', 1, 1),
	(1224, 'specter', '1886268224', 128000, 'sports', 1, 1),
	(1225, 'specter2', '1074745671', 129000, 'sports', 1, 1),
	(1226, 'streiter', '1741861769', 109000, 'sports', 1, 1),
	(1227, 'sultan', '970598228', 69000, 'sports', 1, 1),
	(1228, 'surano', '384071873', 129253, 'sports', 1, 1),
	(1229, 'tampa2', '-1071380347', 132300, 'sports', 1, 1),
	(1230, 'tropos', '1887331236', 110000, 'sports', 1, 1),
	(1231, 'verlierer2', '1102544804', 179000, 'sports', 1, 1),
	(1232, 'zr380', '540101442', 3500500, 'sports', 1, 1),
	(1233, 'zr3802', '-1106120762', 3500600, 'sports', 1, 1),
	(1234, 'zr3803', '-1478704292', 3500700, 'sports', 1, 1),
	(1235, 'ardent', '159274291', 120000, 'sportsclassic', 0, 0),
	(1236, 'btype', '117401876', 135000, 'sportsclassic', 1, 1),
	(1237, 'btype2', '-831834716', 180000, 'sportsclassic', 1, 1),
	(1238, 'btype3', '-602287871', 145000, 'sportsclassic', 1, 1),
	(1239, 'casco', '941800958', 142000, 'sportsclassic', 1, 1),
	(1240, 'cheetah2', '223240013', 180000, 'sportsclassic', 1, 1),
	(1241, 'coquette2', '1011753235', 180000, 'sportsclassic', 1, 1),
	(1242, 'deluxo', '1483171323', 110000, 'sportsclassic', 0, 0),
	(1243, 'dynasty', '310284501', 107000, 'sportsclassic', 0, 0),
	(1244, 'fagaloa', '1617472902', 121000, 'sportsclassic', 1, 1),
	(1245, 'feltzer3', '-1566741232', 165000, 'sportsclassic', 1, 1),
	(1246, 'gt500', '-2079788230', 145000, 'sportsclassic', 1, 1),
	(1247, 'infernus2', '-1405937764', 192000, 'sportsclassic', 1, 1),
	(1248, 'jb700', '1051415893', 182000, 'sportsclassic', 1, 1),
	(1249, 'mamba', '-1660945322', 149000, 'sportsclassic', 1, 1),
	(1250, 'manana', '-2124201592', 67000, 'sportsclassic', 1, 1),
	(1251, 'michelli', '1046206681', 32000, 'sportsclassic', 1, 1),
	(1252, 'monroe', '-433375717', 107000, 'sportsclassic', 1, 1),
	(1253, 'nebula', '-882629065', 87000, 'sportsclassic', 0, 0),
	(1254, 'peyote', '1830407356', 67000, 'sportsclassic', 1, 1),
	(1255, 'pigalle', '1078682497', 49000, 'sportsclassic', 1, 1),
	(1256, 'rapidgt3', '2049897956', 71000, 'sportsclassic', 1, 1),
	(1257, 'retinue', '1841130506', 49000, 'sportsclassic', 1, 1),
	(1258, 'savestra', '903794909', 53000, 'sportsclassic', 1, 1),
	(1259, 'stinger', '1545842587', 128000, 'sportsclassic', 1, 1),
	(1260, 'stingergt', '-2098947590', 149000, 'sportsclassic', 1, 1),
	(1261, 'stromberg', '886810209', 151000, 'sportsclassic', 0, 0),
	(1262, 'swinger', '500482303', 148000, 'sportsclassic', 1, 1),
	(1263, 'torero', '1504306544', 143000, 'sportsclassic', 1, 1),
	(1264, 'tornado', '464687292', 29000, 'sportsclassic', 1, 1),
	(1265, 'tornado2', '1531094468', 30000, 'sportsclassic', 1, 1),
	(1266, 'tornado3', '1762279763', 31500, 'sportsclassic', 1, 1),
	(1267, 'tornado4', '-2033222435', 25000, 'sportsclassic', 1, 1),
	(1268, 'tornado5', '-1797613329', 39000, 'sportsclassic', 1, 1),
	(1269, 'tornado6', '-1558399629', 37000, 'sportsclassic', 1, 1),
	(1270, 'turismo2', '-982130927', 78000, 'sportsclassic', 1, 1),
	(1271, 'viseris', '-391595372', 98000, 'sportsclassic', 1, 1),
	(1272, 'z190', '838982985', 87000, 'sportsclassic', 1, 1),
	(1273, 'ztype', '758895617', 162000, 'sportsclassic', 1, 1),
	(1274, 'zion3', '1862507111', 84000, 'sportsclassic', 0, 0),
	(1275, 'cheburek', '-988501280', 42000, 'sportsclassic', 1, 1),
	(1276, 'adder', '-1216765807', 700000, 'super', 1, 1),
	(1277, 'autarch', '-313185164', 710000, 'super', 1, 1),
	(1278, 'banshee2', '633712403', 650000, 'super', 1, 1),
	(1279, 'bullet', '-1696146015', 610000, 'super', 1, 1),
	(1280, 'cheetah', '-1311154784', 670000, 'super', 1, 1),
	(1281, 'cyclone', '1392481335', 600000, 'super', 1, 1),
	(1282, 'entity2', '-2120700196', 800000, 'super', 1, 1),
	(1283, 'entityxf', '-1291952903', 760000, 'super', 1, 1),
	(1284, 'emerus', '1323778901', 810000, 'super', 0, 0),
	(1285, 'fmj', '1426219628', 900000, 'super', 1, 1),
	(1286, 'gp1', '1234311532', 630000, 'super', 1, 1),
	(1287, 'infernus', '418536135', 650000, 'super', 1, 1),
	(1288, 'italigtb', '-2048333973', 670000, 'super', 1, 1),
	(1289, 'italigtb2', '-482719877', 680000, 'super', 1, 1),
	(1290, 'krieger', '-664141241', 900000, 'super', 0, 0),
	(1291, 'le7b', '-1232836011', 670000, 'super', 1, 1),
	(1292, 'nero', '1034187331', 700000, 'super', 1, 1),
	(1293, 'nero2', '1093792632', 810000, 'super', 1, 1),
	(1294, 'osiris', '1987142870', 920000, 'super', 1, 1),
	(1295, 'penetrator', '-1758137366', 400000, 'super', 1, 1),
	(1296, 'pfister811', '-1829802492', 590000, 'super', 1, 1),
	(1297, 'prototipo', '2123327359', 980000, 'super', 1, 1),
	(1298, 'reaper', '234062309', 730000, 'super', 1, 1),
	(1299, 's80', '-324618589', 860000, 'super', 0, 0),
	(1300, 'sc1', '1352136073', 880000, 'super', 1, 1),
	(1301, 'scramjet', '-638562243', 870000, 'super', 0, 0),
	(1302, 'sheava', '819197656', 410000, 'super', 1, 1),
	(1303, 'sultanrs', '-295689028', 300000, 'super', 1, 1),
	(1304, 't20', '1663218586', 780000, 'super', 1, 1),
	(1305, 'taipan', '-1134706562', 900000, 'super', 1, 1),
	(1306, 'tempesta', '272929391', 610000, 'super', 1, 1),
	(1307, 'tezeract', '1031562256', 980000, 'super', 1, 1),
	(1308, 'thrax', '1044193113', 760000, 'super', 0, 0),
	(1309, 'turismor', '408192225', 860000, 'super', 1, 1),
	(1310, 'tyrant', '-376434238', 960000, 'super', 1, 1),
	(1311, 'tyrus', '2067820283', 780000, 'super', 1, 1),
	(1312, 'vacca', '338562499', 690000, 'super', 1, 1),
	(1313, 'vagner', '1939284556', 920000, 'super', 1, 1),
	(1314, 'vigilante', '-1242608589', 900000, 'super', 0, 0),
	(1315, 'visione', '-998177792', 940000, 'super', 1, 1),
	(1316, 'voltic', '-1622444098', 235000, 'super', 1, 1),
	(1317, 'voltic2', '989294410', 250000, 'super', 0, 0),
	(1318, 'xa21', '917809321', 630000, 'super', 1, 1),
	(1319, 'zentorno', '-1403128555', 730000, 'super', 1, 1),
	(1320, 'zorrusso', '-682108547', 860000, 'super', 0, 0),
	(1321, 'armytanker', '-1207431159', 500000, 'trailer', 0, 1),
	(1322, 'armytrailer', '-1476447243', 250000, 'trailer', 0, 1),
	(1323, 'armytrailer2', '-1637149482', 1000000, 'trailer', 0, 1),
	(1324, 'baletrailer', '-399841706', 500000, 'trailer', 0, 1),
	(1325, 'boattrailer', '524108981', 500000, 'trailer', 0, 1),
	(1326, 'cablecar', '-960289747', 500000, 'trailer', 0, 1),
	(1327, 'docktrailer', '-2140210194', 150000, 'trailer', 0, 1),
	(1328, 'freighttrailer', '-777275802', 70000, 'trailer', 0, 1),
	(1329, 'graintrailer', '1019737494', 500000, 'trailer', 0, 1),
	(1330, 'proptrailer', '356391690', 500000, 'trailer', 0, 1),
	(1331, 'raketrailer', '390902130', 15000, 'trailer', 0, 1),
	(1332, 'tr2', '2078290630', 500000, 'trailer', 0, 1),
	(1333, 'tr3', '1784254509', 500000, 'trailer', 0, 1),
	(1334, 'tr4', '2091594960', 500000, 'trailer', 0, 1),
	(1335, 'trflat', '-1352468814', 250000, 'trailer', 0, 1),
	(1336, 'tvtrailer', '-1770643266', 350000, 'trailer', 0, 1),
	(1337, 'tanker', '-730904777', 500000, 'trailer', 0, 1),
	(1338, 'tanker2', '1956216962', 500000, 'trailer', 0, 1),
	(1339, 'trailerlarge', '1502869817', 500000, 'trailer', 0, 1),
	(1340, 'trailerlogs', '2016027501', 200000, 'trailer', 0, 1),
	(1341, 'trailersmall', '712162987', 150000, 'trailer', 0, 1),
	(1342, 'trailers', '-877478386', 150000, 'trailer', 0, 1),
	(1343, 'trailers2', '-1579533167', 150000, 'trailer', 0, 1),
	(1344, 'trailers3', '-2058878099', 150000, 'trailer', 0, 1),
	(1345, 'trailers4', '-1100548694', 150000, 'trailer', 0, 1),
	(1346, 'freight', '1030400667', 5000000, 'trains', 0, 0),
	(1347, 'freightcar', '184361638', 900000, 'trains', 0, 0),
	(1348, 'freightcont1', '920453016', 900000, 'trains', 0, 0),
	(1349, 'freightcont2', '240201337', 900000, 'trains', 0, 0),
	(1350, 'freightgrain', '642617954', 900000, 'trains', 0, 0),
	(1351, 'metrotrain', '868868440', 3200000, 'trains', 0, 0),
	(1352, 'tankercar', '586013744', 1200000, 'trains', 0, 0),
	(1353, 'airtug', '1560980623', 58000, 'utility', 0, 1),
	(1354, 'caddy', '1147287684', 6000, 'utility', 0, 1),
	(1355, 'caddy2', '-537896628', 4000, 'utility', 0, 1),
	(1356, 'caddy3', '-769147461', 9000, 'utility', 0, 1),
	(1357, 'docktug', '-884690486', 58000, 'utility', 0, 1),
	(1358, 'forklift', '1491375716', 60000, 'utility', 0, 1),
	(1359, 'mower', '1783355638', 2000, 'utility', 0, 1),
	(1360, 'ripley', '-845979911', 48000, 'utility', 0, 1),
	(1361, 'sadler', '-599568815', 85000, 'utility', 0, 1),
	(1362, 'sadler2', '734217681', 85000, 'utility', 0, 1),
	(1363, 'scrap', '-1700801569', 15000, 'utility', 0, 1),
	(1364, 'towtruck', '-1323100960', 25000, 'utility', 0, 1),
	(1365, 'towtruck2', '-442313018', 20000, 'utility', 0, 1),
	(1366, 'tractor', '1641462412', 8000, 'utility', 0, 1),
	(1367, 'tractor2', '-2076478498', 75000, 'utility', 0, 1),
	(1368, 'tractor3', '1445631933', 75000, 'utility', 0, 1),
	(1369, 'utillitruck', '516990260', 95000, 'utility', 0, 1),
	(1370, 'utillitruck2', '887537515', 85000, 'utility', 0, 1),
	(1371, 'utillitruck3', '2132890591', 75000, 'utility', 0, 1),
	(1372, 'a45', '-910466076', 85000, 'import', 1, 1),
	(1373, 'db7zagato', '2000124118', 120000, 'import', 1, 1),
	(1374, 'db905', '474982786', 120000, 'import', 1, 1),
	(1375, 'ast', '-1865955898', 100000, 'import', 1, 1),
	(1376, 'ttrs', '-586459613', 45000, 'import', 1, 1),
	(1377, 'contss18', '898843282', 175000, 'import', 1, 1),
	(1378, 'bbentayga', '1402024844', 135000, 'import', 1, 1),
	(1379, 'ben17', '-2049278303', 165000, 'import', 1, 1),
	(1380, 'czr1', '796303759', 130000, 'import', 1, 1),
	(1381, 'tuscani', '-802051496', 15000, 'import', 1, 1),
	(1382, 'lx570', '-1760022916', 65000, 'import', 1, 1),
	(1383, 'lykan', '2005386580', 750000, 'import', 1, 1),
	(1384, 'italia458', '-635747987', 275000, 'import', 1, 1),
	(1385, 'v250', '-1412248195', 60000, 'import', 1, 1),
	(1386, 'nh2r', '-1667727259', 75000, 'import', 1, 1),
	(1387, 'p1', '-189438188', 750000, 'import', 1, 1),
	(1388, 'charger', '-85613452', 100000, 'import', 1, 1),
	(1389, 'cx75', '-1696240789', 200000, 'import', 1, 1),
	(1390, 'dbs', '1303533606', 135000, 'import', 1, 1),
	(1391, 'firebird', '511664891', 40000, 'import', 1, 1),
	(1392, 'moss', '-2089974945', 400000, 'import', 1, 1),
	(1393, 'spyker', '-1816146634', 130000, 'import', 1, 1),
	(1394, 'vulcan', '1084803268', 600000, 'import', 1, 1),
	(1395, 'robin', '-512113469', 2500, 'import', 1, 1),
	(1396, 'yRenault5TA', '1221969274', 65000, 'import', 1, 1),
	(1397, 'yRenault5TB', '1058484733', 65000, 'import', 1, 1),
	(1398, 'senna', '-433961724', 500000, 'import', 1, 1),
	(1399, 'tampac', '1861838277', 60000, 'import', 1, 1),
	(1400, 'f82', '1998346768', 150000, 'import', 1, 1),
	(1401, 'f82duke', '-502812501', 150000, 'import', 1, 1),
	(1402, 'f82hs', '951985121', 150000, 'import', 1, 1),
	(1403, 'f82lw', '1441487375', 150000, 'import', 1, 1),
	(1404, 'f82st', '-1772759185', 150000, 'import', 1, 1),
	(1405, 'f824slw', '344072585', 150000, 'import', 1, 1),
	(1406, '16challenger', '-216150906', 95000, 'import', 1, 1),
	(1407, 'fiatmultipla', '665240898', 10000, 'import', 1, 1),
	(1408, 'amggtsprior', '644003931', 200000, 'import', 1, 1),
	(1409, 'panameragts', '-1744543332', 150000, 'import', 1, 1),
	(1410, 'subwrx', '-1298373790', 75000, 'import', 1, 1),
	(1411, 'v242', '-1655065785', 12000, 'import', 1, 1),
	(1412, 'v850r', '-1360203052', 12000, 'import', 1, 1),
	(1413, 'bison', '-16948145', 55000, 'vans', 1, 1),
	(1414, 'bison2', '2072156101', 55000, 'vans', 1, 1),
	(1415, 'bison3', '1739845664', 55000, 'vans', 1, 1),
	(1416, 'bobcatxl', '1069929536', 45000, 'vans', 1, 1),
	(1417, 'boxville', '-1987130134', 40000, 'vans', 1, 1),
	(1418, 'boxville2', '-233098306', 40000, 'vans', 1, 1),
	(1419, 'boxville3', '121658888', 40000, 'vans', 1, 1),
	(1420, 'boxville4', '444171386', 40000, 'vans', 1, 1),
	(1421, 'boxville5', '682434785', 700000, 'vans', 0, 0),
	(1422, 'burrito', '-1346687836', 52000, 'vans', 1, 1),
	(1423, 'burrito2', '-907477130', 52000, 'vans', 1, 1),
	(1424, 'burrito3', '-1743316013', 52000, 'vans', 1, 1),
	(1425, 'burrito4', '893081117', 52000, 'vans', 1, 1),
	(1426, 'burrito5', '1132262048', 52000, 'vans', 1, 1),
	(1427, 'camper', '1876516712', 37000, 'vans', 1, 1),
	(1428, 'gburrito', '-1745203402', 48000, 'vans', 0, 0),
	(1429, 'gburrito2', '296357396', 48000, 'vans', 1, 1),
	(1430, 'journey', '-120287622', 40000, 'vans', 1, 1),
	(1431, 'minivan', '-310465116', 35000, 'vans', 1, 1),
	(1432, 'minivan2', '-1126264336', 35000, 'vans', 1, 1),
	(1433, 'paradise', '1488164764', 48000, 'vans', 1, 1),
	(1434, 'pony', '-119658072', 50000, 'vans', 1, 1),
	(1435, 'pony2', '943752001', 50000, 'vans', 1, 1),
	(1436, 'rumpo', '1162065741', 52000, 'vans', 1, 1),
	(1437, 'rumpo3', '1475773103', 60000, 'vans', 1, 1),
	(1438, 'speedo', '-810318068', 48000, 'vans', 1, 1),
	(1439, 'speedo2', '728614474', 48000, 'vans', 1, 1),
	(1440, 'speedo4', '219613597', 48000, 'vans', 1, 1),
	(1441, 'surfer', '699456151', 37000, 'vans', 1, 1),
	(1442, 'surfer2', '-1311240698', 37000, 'vans', 1, 1),
	(1443, 'taco', '1951180813', 37000, 'vans', 1, 1),
	(1444, 'youga', '65402552', 41000, 'vans', 1, 1),
	(1445, 'youga2', '1026149675', 41000, 'vans', 1, 1),
	(1446, 'seasparrow', '-726768679', 0, 'emergency_heli', 0, 1),
	(1447, 'nca', '48307961', 0, 'group_nca', 0, 1),
	(1448, 'mobilscoot', '1170607209', 1000, 'import', 1, 1),
	(1449, 'pgt3', '54739228', 450000, 'import', 1, 1),
	(1450, 'rmodrs7', '-1647894488', 450000, 'import', 1, 1),
	(1451, 'M135i', '-2147451233', 85000, 'import', 1, 1),
	(1452, 'r820', '-143695728', 500000, 'import', 1, 1),
	(1453, 'velar', '542147885', 250000, 'import', 1, 1),
	(1454, 'cla45sb', '-1053762968', 85000, 'import', 1, 1),
	(1455, '720s', '-1370111350', 800000, 'import', 1, 1),
	(1456, 'a80', '905399718', 150000, 'import', 1, 1),
	(1457, 'rx811', '1459731965', 85000, 'import', 1, 1),
	(1458, 'rs5', '-1943656060', 350000, 'import', 1, 1),
	(1459, 'giulia', '-583019632', 150000, 'import', 1, 1),
	(1460, 'w140', '-790722072', 150000, 'import', 1, 1),
	(1461, 'mz3', '204836792', 70000, 'import', 1, 1),
	(1462, 'COOPERS', '-126417596', 90000, 'import', 1, 1),
	(1463, 'ftype', '1827663246', 350000, 'import', 1, 1),
	(1464, 'rmodx6', '2045784380', 325000, 'import', 1, 1),
	(1465, '993rwb', '-1587250063', 450000, 'import', 1, 1),
	(1466, 'gmt900escalade', '-1150723658', 200000, 'import', 1, 1),
	(1467, 'e15082', '-1050202859', 65000, 'vans', 1, 1),
	(1468, '95y33', '1132422233', 70000, 'import', 1, 1),
	(1469, 'fury69', '-1062367321', 150000, 'import', 1, 1),
	(1470, 'MGT', '-1432034260', 275000, 'import', 1, 1),
	(1471, 'models', '-252836656', 300000, 'import', 1, 1),
	(1472, 'boss302', '-32005528', 150000, 'import', 1, 1),
	(1473, 'pistas', '1128102088', 550000, 'import', 1, 1),
	(1474, 'regera', '1085789913', 750000, 'import', 1, 1),
	(1475, 'na25', '1828705042', 28000, 'motorcycles', 1, 1),
	(1476, 'g_xlcr', '-1486172962', 28000, 'motorcycles', 1, 1),
	(1477, 'FatBoy', '-1486172962', 28000, 'motorcycles', 1, 1);
/*!40000 ALTER TABLE `vehicles` ENABLE KEYS */;

CREATE TABLE IF NOT EXISTS `vehicle_categories` (
  `name` varchar(60) NOT NULL,
  `label` varchar(60) NOT NULL,
  PRIMARY KEY (`name`)
) ENGINE=MyISAM DEFAULT CHARSET=latin1;

/*!40000 ALTER TABLE `vehicle_categories` DISABLE KEYS */;
INSERT INTO `vehicle_categories` (`name`, `label`) VALUES
	('boats', 'Boats / Watercraft'),
	('commercials', 'Commercial'),
	('compacts', 'Compacts'),
	('coupes', 'Coupes'),
	('cycles', 'Cycles'),
	('helicopters', 'Helicopters'),
	('industrial', 'Industrial'),
	('military', 'Military'),
	('motorcycles', 'Motorcycles'),
	('muscle', 'Muscle'),
	('offroad', 'Off-Road'),
	('openwheel', 'Open Wheel'),
	('planes', 'Planes'),
	('suvs', 'SUVs'),
	('sedan', 'Sedans'),
	('service', 'Service'),
	('sports', 'Sports'),
	('sportsclassic', 'Sports Classic'),
	('super', 'Super'),
	('trailer', 'Trailers'),
	('trains', 'Trains'),
	('utility', 'Utility'),
	('vans', 'Vans'),
	('import', 'Imported'),
	('group_lost', 'Lost MC'),
	('emergency_nhs', 'Emergency Vehicles'),
	('emergency_pol', 'Emergency Vehicles'),
	('emergency_water', 'Emergency Watercraft'),
	('emergency_heli', 'Emergency Aircraft'),
	('group_nca', 'NCA Vehicles');
/*!40000 ALTER TABLE `vehicle_categories` ENABLE KEYS */;

CREATE TABLE IF NOT EXISTS `vehicle_sold` (
  `client` varchar(50) NOT NULL,
  `model` varchar(50) NOT NULL,
  `plate` varchar(50) NOT NULL,
  `soldby` varchar(50) NOT NULL,
  `date` varchar(50) NOT NULL,
  PRIMARY KEY (`plate`)
) ENGINE=InnoDB DEFAULT CHARSET=latin1;

/*!40000 ALTER TABLE `vehicle_sold` DISABLE KEYS */;
/*!40000 ALTER TABLE `vehicle_sold` ENABLE KEYS */;

CREATE TABLE IF NOT EXISTS `vpn_exemptions` (
  `steamid` varchar(60) NOT NULL,
  `remarks` text NOT NULL DEFAULT '',
  PRIMARY KEY (`steamid`)
) ENGINE=InnoDB DEFAULT CHARSET=latin1;

/*!40000 ALTER TABLE `vpn_exemptions` DISABLE KEYS */;
/*!40000 ALTER TABLE `vpn_exemptions` ENABLE KEYS */;

CREATE TABLE IF NOT EXISTS `warrants` (
  `id` int(11) NOT NULL AUTO_INCREMENT,
  `identifier` varchar(50) CHARACTER SET utf8 COLLATE utf8_bin NOT NULL,
  `rpuk_charid` int(11) NOT NULL DEFAULT 0,
  `officer_name` text CHARACTER SET utf8 COLLATE utf8_bin NOT NULL,
  `officer_rank` text CHARACTER SET utf8 COLLATE utf8_bin NOT NULL,
  `senior_auth` text CHARACTER SET utf8 COLLATE utf8_bin NOT NULL,
  `target_name` text CHARACTER SET utf8 COLLATE utf8_bin NOT NULL,
  `house_id` int(50) DEFAULT NULL,
  `business_id` int(50) DEFAULT NULL,
  `reason` text CHARACTER SET utf8 COLLATE utf8_bin NOT NULL,
  `status` text CHARACTER SET utf8 COLLATE utf8_bin NOT NULL DEFAULT 'pending',
  `reviewed_by` varchar(50) CHARACTER SET utf8 COLLATE utf8_bin DEFAULT NULL,
  `warrant_executed_by` varchar(50) CHARACTER SET utf8 COLLATE utf8_bin DEFAULT NULL,
  `executed_date` datetime DEFAULT NULL,
  `date_created` datetime NOT NULL DEFAULT current_timestamp(),
  `decision_date` datetime DEFAULT NULL,
  PRIMARY KEY (`id`)
) ENGINE=InnoDB DEFAULT CHARSET=utf8;

/*!40000 ALTER TABLE `warrants` DISABLE KEYS */;
/*!40000 ALTER TABLE `warrants` ENABLE KEYS */;

CREATE TABLE IF NOT EXISTS `whitelist` (
  `identifier` varchar(60) NOT NULL,
  `remarks` varchar(255) DEFAULT NULL,
  PRIMARY KEY (`identifier`)
) ENGINE=MyISAM DEFAULT CHARSET=latin1;

/*!40000 ALTER TABLE `whitelist` DISABLE KEYS */;
INSERT INTO `whitelist` (`identifier`, `remarks`) VALUES
	('steam:110000102bf100e', '[Management] Wilco'),
	('steam:1100001006118df', '[Management] Vladic_Ka'),
	('steam:110000112d4ccf5', '[Development] Stealthee (Testing)'),
	('steam:11000010b743c8e', '[Leads] Stealthee'),
	('steam:1100001000426d4', '[Staff] DELETER'),
	('steam:110000104ab3ece', '[Staff] Qrow'),
	('steam:1100001070148c0', '[Management] Ciaran'),
	('steam:110000100b9d46d', '[Management] TinyBigJacko'),
	('steam:1100001152a3335', '[Development] Mike Polo'),
	('steam:11000010be1df28', '[Development] Dan B'),
	('steam:110000105e1cb5c', 'aiden'),
	('steam:110000115cfca70', 'Provisional client'),
	('steam:1100001054f72bc', '[Development] Recon Nine');
/*!40000 ALTER TABLE `whitelist` ENABLE KEYS */;

/*!40101 SET SQL_MODE=IFNULL(@OLD_SQL_MODE, '') */;
/*!40014 SET FOREIGN_KEY_CHECKS=IF(@OLD_FOREIGN_KEY_CHECKS IS NULL, 1, @OLD_FOREIGN_KEY_CHECKS) */;
/*!40101 SET CHARACTER_SET_CLIENT=@OLD_CHARACTER_SET_CLIENT */;
